id,game,text
1,Counter-Strike 2,"3-4 times, something like that. the actual cd starts on second crouch iirc."
2,Counter-Strike 2,yeah cheating kinda unfair too
3,Counter-Strike 2,I think this is fair because it is written in the conditions for receiving the medal
4,Counter-Strike 2,G
5,Counter-Strike 2,+
6,Counter-Strike 2,ada
7,Counter-Strike 2,уктпотпгрфугрш9о9грш9кшг8уфк0е9кгшл9ешо
8,Counter-Strike 2,Zero cheaters.
9,Counter-Strike 2,"Не знаю, последние 4 дня активной игры - нет читеров вообще.А вот до этого прям каждый день было. Странно, может фактор доверия прыгает?"
10,Counter-Strike 2,Может. Valve же любят вживую все тестировать.
11,Counter-Strike 2,есть такое
12,Counter-Strike 2,Их тестирования меня расстраивают:)))
13,Counter-Strike 2,в режиме бой на смерть 80% боты играют. в премьере и мм тоже читеры просто с вх либо крутилка. но читеров стало меньше после банов начиная с 19 июня
14,Counter-Strike 2,По-моему им лишь на деньги не пофиг.
15,Counter-Strike 2,"Yes you are not the only one, it happened to me as well. Oh well.Funny thing is you cannot even choose a loadout in the main screen for your character, so it doesnt seem to be an issue with drivers or anything just that the models are simply not loading. VALVe ♥♥♥♥♥♥ up it seems."
16,Counter-Strike 2,Same for me on fedora linux with a nvidia gpu.
17,Counter-Strike 2,yeah same here with cachyos. cant inspect guns and only way to view them is in my hand (bottom part of the screen)
18,Counter-Strike 2,"Yes, my game is Fkt!"
19,Counter-Strike 2,Yep they done broke it
20,Counter-Strike 2,"Same on Arch. Character not loading, and the name shows in bottom left corner. Some skins dont render at all in armory. Can't preview any skins in inspect."
21,Counter-Strike 2,Same here on Arch + Nvidia
22,Counter-Strike 2,Same here
23,Counter-Strike 2,"Check my Profile, im create Screenshots.PC:Linux Mint 22.3 (X11, Cinnamon 64-bit, 7.0.0-14-generic)Radeon RX 7600 XT 16GB (Navi 33)AMD Ryzen 5 7500F 6-Core Processor × 6"
24,Counter-Strike 2,Same on Nobara 9070XTTried different proton versions and nothing worked
25,Counter-Strike 2,"same with me GTX1080, 5600X"
26,Counter-Strike 2,Works on my Machine! NixOS FTW
27,Counter-Strike 2,Which gpu you have?
28,Counter-Strike 2,"Same issue, switched to Proton hotfix and now I can see character on main screen, weapon previews in loadout, etc.  Now I can't join servers because ""modified game files"".  I verified game files but still doesn't work :("
29,Counter-Strike 2,"Can join servers if I turn off ""force the use of a specific steam play compatibility tool"".  But then the bugs are back."
30,Counter-Strike 2,Yeah switching to Proton Hotfix works but won't let play on vac secure servers
31,Counter-Strike 2,There was big (10Gb) update recently.
32,Counter-Strike 2,"seemingly pro-linux corporation forgot about linux users, that's surprising."
33,Counter-Strike 2,Try SteamOS should be working
34,Counter-Strike 2,"same, kubuntu and nvidia 2080"
35,Counter-Strike 2,"same shii, and i cant go matchmaking when turn proton hotfixpopOS, cpu ryzen 7 gpu rx7800xt"
36,Counter-Strike 2,seems like it's just an issue with models displaying in the menus though. everything appears fine in game
37,Counter-Strike 2,I'm also getting it. Probably it's an issue with the Vulkan version of CS2. The Vulkan version of CS2 is seriously neglected and some basic features like mipmaps don't even work so it really wouldn't surprise me if Valve pushed out the newest Source 2 update without even testing it on Vulkan.
38,Counter-Strike 2,Yo wtf xD I just boot up the game after update
39,Counter-Strike 2,still buggy after the updateSpecs:rx 9070xtCachyOS
40,Counter-Strike 2,"Yeah the game works just right but all 3d elements on menus are messed up, maybe give it a week and if you guys want to inspect something, do it on the hand viewmodel, that works."
41,Counter-Strike 2,Buggy on bazzite with AMD GPU and CPU
42,Counter-Strike 2,Same for me. Impressive they managed to achieve this level of buggy if you think about it lol
43,Counter-Strike 2,Forcing the game to run through CachyOS proton fixed it for me. It was set at proton 3.0 for me so might need to be changed to get it working.
44,Counter-Strike 2,"game is busted for me too on NixOS 26.05 + RX 9070 XT, glad it isn't just me. Works fine if I use Proton, but we shouldn't have to do that..."
45,Counter-Strike 2,"Idk what really happening in CS2 cuz I didn't even play expect of ""well just want try""But still I think CS2 is not good game and just making skins for trade economy instead of solve stagnation and add something real new like weapons or fix bugs or fight with cheatersYou can just don't pay attention on who didn't even played this game or cybersport like shooters  of courseBut still CS:GO is more better than CS2#FixCS2"
46,Counter-Strike 2,.
47,Counter-Strike 2,.
48,Counter-Strike 2,"The game is foundationally bassd on a crypto-miner economy.  The revenue for Valve is paramount.Because state-sanctioned bot traders have established themselves inside the skin economy, it will continue to be lucrative.Russia needs as many methods as possible to launder money in and out of western markets...  Same with the oppressed chinese communist citizens.Because of that, the average NA player loses their game.  It's not about us anymore."
49,Counter-Strike 2,This is exactly why many players are losing confidence in Premier. Fair matches should always come before cosmetic updates.
50,Counter-Strike 2,.
51,Counter-Strike 2,.
52,Counter-Strike 2,UP!
53,Counter-Strike 2,up!
54,Counter-Strike 2,"valid point, #boycottcs2"
55,Counter-Strike 2,Up +_+
56,Counter-Strike 2,"One russian or chinese bot farmer has hundreds of accounts. These people rely on the price arbitrage and far far lower cost of living in their countries to practically run the skin economy. To us, a career around counter strike skins is only for the 1% of skin creators or content creators, but to a chinese or russian or indian its a free way to pay for an apartment, house, or keep themselves fed. Valve will not ever even acknowledge this as an issue, look at Team Fortress 2. All these bot farmers need to buy prime, buy armory passes, and prop up the games numbers to make it feel more alive. One bot farmer with dozens or hundreds of accounts outspends the average steam user, or cs player and as such they'll be catered to over legitimate players every time. Can absolutely promise you that this will not change, Valve makes too much money from feeding millions of chinese and russian farmers that you can expect even more pro bot updates similar to allowing players to leave matches early and keep the XP."
57,Counter-Strike 2,Spam + Bumping threads is against Steam R&G.
58,Counter-Strike 2,"Beyond having a digital ""supply chain"" trojan horse with the saudis and their faceit acquisition giving any player who actually liked CS as a game ring 0 exposure (Independent research means nothing here when bad faith actors can quietly update their precious kernel level anti cheat) - I can virtually promise you Valve will never ever fix the bot farming issue. They've let it completely ruin a legacy title of theirs with Team Fortress 2, and they're mostly relying on the playerbase being apathetic or ignorant to the scale of the issue. I feel bad for any new players, as they've absolutely no chance whatsoever of playing deathmatch or competitive with real players. If we were to be a little fair to Valve, it's a game of cat and mouse - and VACNET might make a difference but what would really help is instead of France and Germany making a scene about gambling, Russia and China make some economic or political argument to keep their starving cheaters out of counter strike to stop ruining it for the rest of the world. You'd imagine this hurts their reputation a little, similar to the runescape venezeulans, ideally pushing them towards treating this as a video game and not an embarrassing get rich quick scheme."
59,Counter-Strike 2,as if anyone patrols these discussions or the game for cheaters and nefarious users.get real.
60,Counter-Strike 2,"Clearly done in good faith, what do you get out of tapping the sign? Besides giving a lazy moderator a reason to delete the thread?"
61,Counter-Strike 2,xd lazy devs defender are there
62,Counter-Strike 2,sad how we may not be able to do anything about the botfarms.Who wants to pitch in to flood the Deadlock servers with bots? maybe flooding a game Valve hasn't made profit with yet may push them to do something
63,Counter-Strike 2,"Truly a wonderful idea. Valve likely has a skeleton crew working on CS by the looks of it - with a majority of what excites players outsourced to the community by way of custom maps and skins. Deadlock is them seeing the writing on the wall for CS. Unfortunately you'd have useful idiots like that Lisarine guy reminding us its off topic defending Valve with their life. Why do you think these community hubs are dead? We are screaming into the void for nothing, at best venting. No Valve employee reads these ever. They do not care about negative reviews left by people in NA if 80% of the money is made offshore. They will not ever ""fix"" the issues laid out in the original post, as the incentives are far greater than any punishment for said offshore case farmers. If we we're to be realistic, the only way that this would ever cease is if it wasn't worth it anymore to the russians and chinese that rely on this to live."
64,Counter-Strike 2,"Consider the terminals as an attempt to curb the cheating/bot farming issue given the price of entry. One way this might slightly get better is if the margins of return that skin traders operate on becomes too thin. With a new skin collection, we couldn't be further from that now."
65,Counter-Strike 2,and i will say it againU p
66,Counter-Strike 2,"If the big 2 that ruin the gameplay of CS2 are Chinese and Russian, and other botfarms, we can probably get them to rehost the cs2 bots into Deadlock. May be a pipedream, but here's my idea of order of operations:1. calculate the estimated revenue per week bot farms can make through weekly drops (maybe assume like 100-500 instances of the game per farm)2. With that weekly value, setup a gofundme, title it ""save cs2, then outline the situation as mentioned in this topic""3. find people willing to reallocate the Bot farms to Deadlock for an agreed price4. chaos (allegedly)possible downsides to doing this that make this harder than just leaving it be1. takes true, collaborative effort that many may not care for2. have to track down a Bot farm host, then entice them with an offer3. Unlike CS2 which is just press autobuy then look for heads to shoot as a bot, Deadlock requires attention to item usage and situational awareness, which may be hard for computer coding to replicate. Does anyone know if DOTA2 has bots like CS2?"
67,Counter-Strike 2,they don’t need to fix the game because all the pro’s play on faceit and their only other concern is the skin market
68,Counter-Strike 2,u p
69,Counter-Strike 2,⢸⢸⢸⡀⠀⠀⠀⠀⠀⠀⠀⠀⣠⣶⣿⣶⣄⢿⣿⣄⠀⠀⠀⠀⠀⠀⠀⣿⣿⣿⣿⣿⠀⠀⠀⠀⠀⠀⠀⠀⣀⣤⣄⠀⠹⣿⣧⣀⣠⣴⣾⣷⣿⣷⠾⢷⠋⠀⠀⠀⠀⠀⠀⠀⣼⣿⣿⣿⡷⠀⠀⠈⢿⡿⠟⢻⣿⣿⣿⣿⣿⣿⣷⠀⠀⠀⠀⠀⠀⠀⠹⣿⣿⣿⡟⠀⠀⠀⠀⠀⠀⣼⣿⣿⣿⣿⣿⡟⢿⣿⣄⠀⠀⠀⠀⢠⣶⣾⣿⡇⠀⠀⠀⠀⠀⠀⣿⣿⣿⣿⣿⣿⡇⠀⠙⠿⡿⢆⣴⣿⣿⣿⣿⡇⠀⠀⠀⠀⠀⢰⣿⣿⣿⣿⣿⣿⠀⠀⣤⣶⣾⣿⣿⣿⣿⣷⠹⣷⣤⣤⣄⣀⡀⠀⠀⠀⠀⠀⢸⣿⣿⡏⣿⣿⣿⢀⣾⣿⣿⣿⣿⣏⠀⠀⢀⣀⣈⣉⣉⣉⣙⣁⣀⠀⠀⠀⠀⠀⢸⣿⣿⡇⣿⣿⢏⣾⣿⣿⣿⣿⣿⣿⣆⠀⠀⠀⠀⠀⢸⣿⣿⡇⣿⣿⣷⠈⠉⠙⠛⢻⣭⣷⠀⠀⠀⠀⠀⢸⣿⣿⡇⣿⣿⣿⠀⠀⠀⠀⠀⢹⣿⣷⠀⠀⠀⠀⠀⢸⣿⣿⡇⣿⣿⣿⠀⠀⠀⠀⠀⣾⣿⡏⠀⠀⠀⠀⠀⢸⣿⣿⡇⣿⣿⣿⠀⠀⠀⠀⢰⣿⣿TE ESTAS PORTANDO MAL SERAS CASTIGADA
70,Counter-Strike 2,.
71,Counter-Strike 2,FIX
72,Counter-Strike 2,[/|\]
73,Counter-Strike 2,facts
74,Counter-Strike 2,"Valve remove weekly drops, this problem goes away overnight."
75,Counter-Strike 2,facts!!
76,Counter-Strike 2,"He is right though, Asia CS2 is dead, bots dominates the lobbies here more than cheaters do."
77,Counter-Strike 2,OP is from Europe though
78,Counter-Strike 2,"Oh my bad, in my own opinion EU CS2 is like a circus as well but more lethal in terms of punishing legit players, HvH is a norm there without using a premium gc, you're nothing there, not to mention the hordes of RU, cheaters, rich GE flexers with $10k using private premium gc. closetting mid-higher ranks is pretty much a pain to deal with since if they get angry, they will play an aggressive monkey blatant advancement each round, while NA CS2 is like a floating desert, almost no players left lol, the situation of CS2 is beyond savable."
79,Counter-Strike 2,
80,Counter-Strike 2,
81,Counter-Strike 2,You know what this was very interesting to read
82,Counter-Strike 2,"Valve remove cs2, 100% problem goes away overnight."
83,Counter-Strike 2,I am pretty sure the suic. rate would skyrocket like hell.🚨🚨
84,Counter-Strike 2,"I've just played two more games, and there are cheaters in each game. A player can't get 35 kills with an 85% headshot percentage. I don't want to play this game anymore. The only downside is the morale and nerves. You can't really enjoy the game."
85,Counter-Strike 2,I can enjoy the game just fine.That's because I have good trust factor.
86,Counter-Strike 2,das spiel ist crazy verhackt geworden. Keiner will es mehr spielen .. VALVE TUU WAS!!!
87,Counter-Strike 2,"Obviously not. The EU stuff is made up crap or w-o-m propaganda from other hvh friends' experience as well. If you're not sitting in 25-30k lobbies or have a new account sitting in low trust lobbies you can play the game just fine.10-20 min queues, green trust btw"
88,Counter-Strike 2,"Ok, you have a point but the tf. system is kinda broken or it doesn't even exist based on my experience, also yes 10-20 min. is the average queue time that I experienced when connecting in NA portal server, 6/6 of the games we played is just boring ash. no tension that is going on, no cheaters, only legits that doesn't even use the in game chat, the experience was very boring there."
89,Counter-Strike 2,Start playing Premier. Nobody takes competitive serious and people much better than you will have the same rank as you because they aren't playing enough. Share match link
90,Counter-Strike 2,"Premiere is only fun if it is HvH if not it is very boring, for me the most enjoyable servers to play with is Asia, EU in terms of tension packed quality, pure HvH madness."
91,Counter-Strike 2,"I already quit playing CS2 long time ago, Yep I agree with you that nobody takes competitive seriously."
92,Counter-Strike 2,I'm confident that's what your matches look like. Thanks for your input
93,Counter-Strike 2,"The reason why I liked the way it is, like you said it is because I am already done with playing legit, my past experience with CSGO is just bloody hell, my first game on competitive back in 2019 when I was morally sane was terrible, first game HvH, imagine playing your first comp. game, you get an HvH game in an instant fashion, the first e-friend group that I met was pretty much bunch of cheaters, it is just crazy lol. that was the time I changed into a tyrant villain, tbh. with you I did waste 3 months of my life playing legit just to get tortured by cheaters during the mid 2019 period when I started playing this game but I realized sooner it is not worth to play legit, so I joined their cause, that's where the akiuara codename was born.👨‍✈️"
94,Counter-Strike 2,The game is cooked
95,Counter-Strike 2,"I don't know what I just played with are farmbots or not. my case is I randomly solo Premiere with 4 chinese name players, but what really piss me off is there are only 2 players active while the rest are just their second life. I try to do my best while the rest are just walk around and kill sometime to prevent AFK penalty."
96,Counter-Strike 2,"""Dear"" (no) Valve, have you ever played a single DM game yourself? Or did you create this mode specifically to farm aimbots?At least 90% of every game is AIM bots! It's impossible to play against them!"
97,Counter-Strike 2,over 80% cheatersbot farmers cheating too
98,Counter-Strike 2,Based and Factual
99,Counter-Strike 2,So how come nobody gets cheaters that often?
100,Counter-Strike 2,"You're playing on a dead server called NA, obviously you won't get them cuz ppl. are busy making greens there instead of cheating."
101,Counter-Strike 2,My experience doesnt reflect everybody elses..
102,Counter-Strike 2,"Right now, it's the first round of a game, and a player with level 1 Steam hits me with a -5 and kills everyone with headshots... and all his teammates immediately start defending him... there are cheaters in every game... I'm so tired of this"
103,Counter-Strike 2,Would you trade for my T3 bluegem ?
104,Counter-Strike 2,Trade link?
105,Counter-Strike 2,agree
106,Counter-Strike 2,What a waste of time
107,Counter-Strike 2,real
108,Counter-Strike 2,They're everywhere man. Why the ♥♥♥♥ do we even play this game? lol
109,Counter-Strike 2,l
110,Counter-Strike 2,skins is all they care about . Losing my patience . Maybe ill stop for good . tired of this garbage . at least i know im not the only one having this ♥♥♥♥ experience
111,Counter-Strike 2,this is the worst that has ever been . its 2026 VALVE . Fix your ♥♥♥♥ .
112,Counter-Strike 2,And then it got a bit worse after latest update
113,Counter-Strike 2,"real, agree"
114,Counter-Strike 2,yes
115,Counter-Strike 2,"Reports only give you bad trust, writing about it here will give you bad trust. The more you report and write here the more cheaters Valve will pool you with"
116,Counter-Strike 2,Report system feel like useless but we dont knoe what happens at background
117,Counter-Strike 2,"dude game is dead, just dont play or stop complaining"
118,Counter-Strike 2,"Reports only give you bad trust, writing about it here will give you bad trust. The more you report and write here the more cheaters Valve will pool you with"
119,Counter-Strike 2,Report system feel like useless but we dont knoe what happens at background
120,Counter-Strike 2,"dude game is dead, just dont play or stop complaining"
121,Counter-Strike 2,Link
122,Counter-Strike 2,"Проверь пк на вирусы,или очисти память на пк"
123,Counter-Strike 2,"+ кучу всего перепробовал, переустановил игру, обновил дрова, изменял параметры запуска. Ничего не помогло, мб только патч ждать остается"
124,Counter-Strike 2,Железо меняй)
125,Counter-Strike 2,"Если не посгло, попробуйте Повыбирать там разные варианты винды 2000 например. Если со снятой галкой не работает"
126,Counter-Strike 2,Надеюсь кому то помогло
127,Counter-Strike 2,Купите норм железо и играйте без лайвхаков
128,Counter-Strike 2,"Спасибо за совет, но меня и мой устраивает. И думаю многих так же. Я делюсь опытом который помог мне в решении ошибки запуска, не более"
129,Counter-Strike 2,"If that doesn't help, try selecting different Windows 2000 options there, for example. If it doesn't work with the box unchecked"
130,Counter-Strike 2,THANK U BROOOOO
131,Counter-Strike 2,"Why are you still using Windows 10? It is no longer supported, of course you will have issues."
132,Counter-Strike 2,11 is gay
133,Counter-Strike 2,"Thx bro. It works. Before that, I launched the game and stuck on the valve logo. It just happens after season 5 update."
134,Counter-Strike 2,Because I like it better. I’d still be using Windows 7 if it weren’t for software issues.
135,Counter-Strike 2,Нет
136,Counter-Strike 2,Its obvious Valve earn on cheaters and botfarms
137,Helldivers 2,Next game.
138,Helldivers 2,"Darktide for example runs on the same Engine, btw. But yeah, i would love a Helldivers 2 or 3 in the future on a better engine."
139,Helldivers 2,Please don't let it be Slopreal Engine V
140,Helldivers 2,"First off, it's not Arrowhead's game, it's Sony's.Sony would have to fund all of that, and they aren't going to do that. They would rather kill studios and cancel games, hike prices, push for more AI, and protect their ecosystem at all costs by killing physical media."
141,Helldivers 2,"UE5 is free though. That's one of the reasons that inhouse engines died for the most part. It saves a lot of money compared to having to make the physics, the networking, models too (asset flip depending on the devs), animations and so on. It takes years and lots of fund to put all of this together normally. Beside, many people work with UE5 now (unfortunately?) so it's easy to find devs to work on your UE5 project in comparison, no need to internally train anyone that hard.Beside, various 3D models can be ported just fine across engines I believe.And on top of all, it doesn't prevent from doing all of the things you listed to make more $$$.Some devs even made a hybrid engine blend of UE5 with something else, like Oblivion's remake. Another problem though: Autodesk already tried to that iirc but taking the idea even further, didn't work out so well from the looks of it.So at this point it's too late, we have to wait for another game built from scratch."
142,Helldivers 2,"Too late for that.Next game only, if it going to happen at all."
143,Helldivers 2,"No, lil bro. Unreal is not free.Unreal relies on a royalty system, where fees kick in once a game starts generating a certain amount of revenue. A game like HD2 would hit that almost immediately, so Epic becomes the middle man making cash off the title's continued sales. That's why companies end up ditching UE, like Squeenix did. They figure they can save money by making a more cost-effective, in-house engine that only does what it needs to do and doesn't need all the bells and whistles that would serve no purpose in their game.Sony has utilized UE before in several of their games. IE: Returnal and Saros, developed by Sony owned Housemarque, use UE. Sony isn't unfamiliar with it, but it's still up to them on whether or not they want to pull the trigger on it. Similarly, they would have to contractually keep Arrowhead involved, so AH would need to be paid out up front, then AH would need to wave-hire for the project. Sony could then pay additional support studios (Nixxes, etc) to assist, and HD2 could be remade in UE - if Sony were willing to pay.They most likely would not. Add to that, AH is working on their next game, (untitled project, game 6, currently), so they would have their hands full and it's why Nixxes already had to step in to assist with HD2.Now, mind you, it's entirely possible that AH's next game is utilizing UE, instead of Stingray. I think they learned that lesson. :P AH can also, legally, mimic a lot of what HD2 utilizes in it's design without drawing legal ire, the same way Bamco aped Demon's Souls with the Dark Souls and Elden Ring IPs without getting sued to hell by Sony.AH isn't owned by Sony, and the success of HD2 may spur them to act on their own and not have to try to stay joined at the hip with what is definitely a disfunctional industry partner, now. AH could do better on their own, an props to them if they go that route. They struck gold, despite Sony. Let them reap the reward, next time.I'm sure if AH could snap their fingers and have the engine swapped over to UE for HD2, they'd definitely be on board with that, minding that UE is still a beast to work with. Fairly complex, either way, but the scope of a game like HD2 does, in it's narrow perspective, make it easier to work with than a much larger scope title. HD2's simplicity is definitely a pro, there."
144,Helldivers 2,"This changes nothing. Those who paid for SC will pay. Those who didn't won't. It was a nothing burger blog post, like most of the other blog posts."
145,Helldivers 2,devour the red herring
146,Helldivers 2,"This just in. Studio is the bad guy for... saying that cheating is a bad thing and doing something against it? If that's so, let's just burn down every multiplayer game that doesn't allow cheaters to run rampant.You do realize that AH is relying on the sale of SC to fund development for the game, yeah? No life service game can sustain itself on just game sales. If a bunch of people that would have otherwise bought them are given free SC from cheaters, AH has less resources to make content.Their options then would be to increase the price of SC (screwing over everyone who doesn't cheat or grind) or slowing down/reducing the content we get with each update (hurts everyone)"
147,Helldivers 2,"Every company would want to protect a source of their income, it is only natural to do so. Cheating in a multiplayer game, whether it be PvE or PvP should be combatted. It effects the core integrity and spirit of the game, even if it doesn't affect you.A live-service game needs a continuous source of revenue to maintain the costs of operations and fund future content. The rate at which you can get SC for free by grinding them intentionally is more considerate than a lot of other games with premium currency can say, or games where there isn't an alternative but to pay.There are valid things to criticize, but Arrowhead wanting to stop cheating isn't it."
148,Helldivers 2,"What these last couple guys miss is that they're only taking it at face value. Sure, if this was a different game and a different company nobody would mind. But it's Arrowhead with Helldivers 2, there's history here that changes the context. For example, only touching on the most recent events...AH was recently on vacation and left the game in a poor state, where a significant amount of players could not even play the game. They introduced new DLSS code and some people didn't even get the settings ui in the update. When they came back, they didn't fix these things. Instead, they put out a few announcements:followed byNobody asked for this. It wasn't a big ticket issue for anyone. It wasn't even an afterthought for the overwhelming majority of players. The reason people have a problem with the SC announcement is because it's patronizing, self-serving, unnecessary and insulting while taking dev time away from the things we actually wanted and asked for. It just furthers the idea that AH is incredibly full of themselves, tone deaf and out of touch with their community while also being concerned solely with milking out more money despite making over 700 million USD in sales alone. It's evidence to the frustrations people have had with AH for the whole of HD2's life."
149,Helldivers 2,Interesting about 'asking for this'...You know what WAS asked for?-Saved loadout slots-Region lock-Desync issue causing people to disconnect and/or crash-More difficulties or adjustedThose are just a few things i've seen people ask for...Not ONCE did i see someone ask for a super credit hacker fix... not that they shouldn't address that but it's not like it was something that was asked for more than other things..
150,Helldivers 2,"there's a lot of beating around the bush here. There should be no reason to ""cheat"" a system meant to create the feeling of progression and i don't think i'd even know if someone did. How would that affect another player? they just encounter someone with access to every weapon?The issue is rather contrast than compare, if that makes sense.Games that earn high play times don't try to extract them from their player base. They just tell a great meta-story. Like who doesn't know the name George Lucas? Factorio players know Erendel. X4 players know Shuulo. And don't get me started on the Project Zomboid story. I'm not saying we need a prodigy, but some details provide traction. What are we unironically proud of?If this studio wants to earn the playerbase' commitment they should feature their individual accomplishments, because that is most relatable."
151,Helldivers 2,"You don't protect your income by alienating your clients. Nor do you prevent alienation by using industry plants.Arrowhead did not stop cheating. Infinite recoilless spam continues. Arrowhead wanted to stop bleeding money because their product is no longer justifying the expense.Arrowhead will continue to bleed, and that's just dandy."
152,Helldivers 2,"it is crazy to think they are making an entire blog post about super credit gains instead of a blog post iterating not just months of community requested changes and feedback.We still get garbage warbonds that reintroduce the exo suit.We dont get any real unique warbonds just ww1 slop with smgs rigged with a flamethrower.Nobody asked for anything to be done about super credit dupes as players we EXPECT THEM TO FIX IT WITHOUT RECOGNITION THEY EVEN FIXED IT.whats crazy is that STILL TO THIS DAY. I have not once seen them talk about anything other than bug fixes which is great but no roadmap no communication no emphasis on galactic war strategies no real emphasis on anything other than ""we are stopping the bad people from doing the bad thing none of you asked us to do.You know what we DID ASK THEM TO DO. Play their damn game and then recognize their entire community has been right for over a year now that their balancing is dog awful and they need to stop nerfing ever ♥♥♥♥♥♥♥ weapon I buy into the damn ground.AND WHERE ARE MY ♥♥♥♥♥♥♥ TRANSMOGS DEDICATED MELEE SLOT AND PERKS ASSOCIATED WITH MY ♥♥♥♥♥♥♥ CAPE AND HELMETS."
153,Helldivers 2,"In what way does stopping cheaters from spawning 1k SC per mission alienate their clients? The only ones affected by this change at all are those who are using that kind of third party software. Every normal player is totally unaffected by this.I get AH makes some bad decisions, but never before have I seen a community complain this much about literal cheats being taken action against."
154,Helldivers 2,How so? Optimal farming strategies don't yield numbers remotely high enough to flag you. It literally says that you need to exceed the highest player earning ever recorded by a substantial amount before the new system acts on it. Do you know a secret method of SC farming that is that much more efficient than what everyone else has been doing?
155,Helldivers 2,I mean yeah no s***.That's the extent of our relationship between us and them.It's purely transactional.
156,Helldivers 2,"It's the same idea as stealing from Walmart. Is the big corpo going to miss that pringles can? Probably not. But enough cans get stolen, and Walmart will make up the difference in profits by raising the price for everyone else. By banning the cheaters, they are actually keeping prices low for the rest of us. It's just basic logic. They still need to address the sc problem in general tho."
157,Helldivers 2,"Yawn. We don't need a new thread for ""stupid greedy people want me to work or pay, and they expect to be paid for their work! They lucky I didn't pirate this game even so greedy of them to tell me I got part with my allowence to get new content can't they just live at home like me and not pay rent? Why they even go to college get degrees, train in programing, and try to get a career? You can just be greedy like me and stay at home and do the bare min then wonder why everyone else wants to get paid for work? Like come you suppose to work for free for me because I am entilted and greedy!""Just get a job or go play some free game then complain about them wanting to be paid for work too sigh. These are all just greedy threads 20 years in retail I seen you clowns trying get out of paying over dumbest things like if I let you get free things they gonna pay me tomorrow instead fire me lol Or like you entitled for showing up, its like bruh I showed up to and I hate this job its why they pay me, you had choice were to shop ""well so and so lets me!"" Go to that store then ""I can't!"" Yeah be been trespassed there I bet, hold I get a manger to toss you out just wait a minute.Then you go online and are like ""they worked 40 hours a week and dare to want money for their job! How dare you have a job go to work and expect to be paid that is what suckers do I won't get caugtht dead in a job and you all should just give me free ♥♥♥♥ and be glad I got this game with a gift card my aunt gave me!"""
158,Helldivers 2,I usually don't block anyone but when it comes to crime I have zero tolerance.SC is premium currency. AH is generous to give us the option to earn them in game.anyone who thinks said generosity entitles them to just take what they want is a thief.you are not upholding the bargain AH offers: do this => get SC.
159,Helldivers 2,"AH: ""You can either buy SC or farm for them.""Player: ""I shouldn't have to.""Marvel Civil War poster."
160,Helldivers 2,"You messed up I fix itAH: We work hard to update and run this game, either pay or grind for SCPlayer: REEE YOU CAN NOT MAKE ME WORK IRL OR IN GAME REEE!Twenty years of retail these same people who try to scam stores then get mad when in trouble going ""i didnt' hurt no one!"" You tried to scam or steal like 50 bucks of stuff ""yeah but I want it but don't want to pay, and again no one got hurt."" Its like yeah sorry if we let everyone do that they have to start firing employees left and right..."
161,Helldivers 2,that's on Shams not the entire studio he's the one with the apathy not really necessarily anyone else he is the one that wants his pockets lined he's the one who doesn't want to fix the game or tells them not to because that's not going to net him money.all he wants is money he does not care if the game is working or not he wants us to buy the super credits and he doesn't care if we play the game he just wants people to buy the super credits it's on him and no one else and that's what people don't understand it is him that's causing all this not the entire studio.
162,Helldivers 2,The community has a bunch of male Karens in it thanks to Youtube constantly farming content off of drama
163,Helldivers 2,"Shoplifter is complaining that shoplifting isn't legal, lmao."
164,Helldivers 2,"There is but one flaw in your logic. Helldivers 2 is AHs House. Not yours. So AH is the rule maker. People can cry this much about it, it won't change anything. So instead of crying about the new policy, People that don't like AH and their politics can just leave.People fool themself into thinking that having and attitude legitimates them into dicating the world of how it is rotating."
165,Helldivers 2,"And it is the community that makes it a home.It is the community choice as to whether they pay, don't, or even cheat/take to the high seas.People that don't like this community and their love for the game can do whatever they please. But they will not change the reality: consumers make the business work. That's the only way it ever works.AH is picking an argument with those who pay the bills. With corporate fellatio specialists like yourself, I can see how they lost their way."
166,Helldivers 2,"Don't fool yourself into thinking that you can project your obsession with fellatio on me.You can complain this much. Come up with Arguments solely based on hurt feelings of an immature Guy that somehow thinks that knowingly violating a Part of a Game with Mods and Cheats is totally fine, but is immediatly upset when a reaction to your action comes.By the end of the day, you are the Dog on the leash of the Corpo or whatever that you despise, because you refuse to just leave them when you dislike their policies so much.Its not the SC you need. It is AH and HD 2 that you need. Because with out, you have nothing to project the misery of your existence on. You are the Narrowhead.People that justify cheating SCs are hypocrites. They do it on purpose, because it is on cost of AH. But the Moment it is on their cost, like People using cheats to kill them, it is a Problem. Because it is now them who suffer."
167,Helldivers 2,"It's a free market, and consumers choose what they pay.That includes paying nothing.AH cannot ban, and the more they try to attack the SC exploits and cheats, the more they will simply end up attacking the regular community even more.AH made more than enough from the game sales. They can be reasonable about in-game purchases, or they can be unreasonable.They get what they give. And because they cannot ban, there is no reaction, nothing AH can truly do. Like a review bomb, this is an effective tool to send a message. And AH have no choice but to listen.Good day, corpo apologist. May your life be subject to imminent domain."
168,Helldivers 2,"Just use it as precise bomb, its great to plug big bug's nests."
169,Helldivers 2,"The whole theme is gas, we are gassing the bugs.Not *that* hidden."
170,Helldivers 2,Gaslighting the bugs.
171,Helldivers 2,"They give it for free, i still dont use it outside of hellpod damage."
172,Helldivers 2,"I've used it with Rover during the spore strain, was getting 50-80 kills, also the range on it can be nuts.Also waiting for the Meth Blue Sterilizer, along with all other Gas equipment."
173,Helldivers 2,"Brain dead dev's couldn't think of anything else so they just did nothing as usual, so its still there."
174,Helldivers 2,didn't know this until the free dropits difficult to tell while using it but can really gas bugs from a long way away. maybe even further than cremator
175,Helldivers 2,"I've seen a video on YT of the Sterilizer going to 180 meters of range with the wind, but I'm unsure on wherever the fact it does what the Flamethrower does which only affects the target in front of a mass group, maybe due to the wind effect or how they coded it works better at applying to everything behind the target."
176,Helldivers 2,I think it’s intentional because of the stormy weather.  Tesla Tower still works fine.  MG Sentries will fire if their target is very close.  Rocket Sentries don’t fire upon targets that are so close because they would damage themselves.  I settled on Tesla Tower + Anti Tank mines  for fortification because of this.
177,Helldivers 2,"Weather events like Sandstorms, Blizzards, & Exo Storms, effect the sentries long range targeting dropping it down to around 10-15 meters & they only wake up once a player shoots something or takes damage."
178,Helldivers 2,Mortars also can't target airborne Untis.
179,Helldivers 2,"The exostorm on keid produces a constant sandstorm effect, so sentries are ineffective on that planet right now. However this does make stealth armor extremely strong right now, you'll be nearly invisible to the enemy."
180,Helldivers 2,"I would assume that there is a log of who ""picked up"" the huge ammount of SC. In any Case AH can answer this. And its best to ask them directly."
181,Helldivers 2,are you sure we have seen them bungle up so much stuff coding wise over the past two years that I dont think they know how to set up a system like that.
182,Helldivers 2,"""I dont think they know how to set up a system like that.""So all you want to do is to join the blunt hate Bandwagon against AH. Why open a thread with the shallow Argument of wanting to get some Information about something, when all you want is to project your incompetence onto someone else?They have set up a lot, why would that be a Problem?"
183,Helldivers 2,"Shams said they can't ban, so I'm guessing they'll just remove SC that is gotten suspiciously."
184,Helldivers 2,"What likely happens is that when ANYBODY gets so much SC that they hit whatever internal limit they set it to, then those players no longer get SC at all until x amount of time has passed in real time.No bans. Just hitting a cap 'early', resulting in no more of said reward being distributed at the account level until they're cleared again. Offenders can then just return, insta-cap out again, and retreat.By ensuring there's a time-based cap, there's no need for bans so much as there is only so much abusers can get out of it, with a penalty that follows their account.If the only thing being targeted is SC, and not medals, req or samples, then they will continue to spawn idiotic levels of said other resources with no penalty."
185,Helldivers 2,Exactly. The update was spun and sugarcoated to hide the corporate greed as the driving force for the SC farming.Cheaters are going to cheat no matter what. This was a waste of time shoveling shh into the tide.
186,Helldivers 2,"Yep, you could do the mod that shows there Locations on the map. I don't thinks a cheat because it just shows what's where rather than spawning them."
187,Helldivers 2,Doesnt help that they are also weaponizing FOMO with the supply frv and the marksman rifle
188,Helldivers 2,"TL;DR: ""I cheated in credits and now I'm mad I can't anymore/will get banned!""."
189,Helldivers 2,i havent played this game in months.
190,Helldivers 2,"I'm down with stealing as a form of protest, sure.I think I'm going to... steal the Declaration of Independence"
191,Helldivers 2,Stealing is always easier than working.of course without the apreciation of property we would still be living on trees.
192,Helldivers 2,"Did you really just ""-rep"" my profile for being a ""Glazediver"". How incredibly embarrassing for you. Though first time that's happened for Helldivers, nice trophy."
193,Helldivers 2,does this have anything to do with a messed up game economy?
194,Helldivers 2,"its true, and you also fail to acknowledge my point, just straight to the insults, now can you please contribute to the discussion at hand?"
195,Helldivers 2,"The normal way would be to play the game, and when you come across POIs you get SC if you're lucky.The fact that you can cheese by doing low-diffs and rewarded better than high-diff, despite it being a slog, is just the META rearing it's ugly head again mixed with AH being stupid with game design decisions.I for one I'm happy that they added these changes to catch cheaters, as they won't impact me, or you, or anybody else that plays the game normally (The normally does include farming low-diffs)."
196,Helldivers 2,"First thing first, we all should agree that cheating is wrong, then we can talk about how bad the arrowhead's decisions  make cheating less wrong."
197,Helldivers 2,Does showing locations on the map give you an unfair advantage outside of the normal game?  Then it is literally a cheat.
198,Helldivers 2,"The fact you use the term ""glazediver"" and worse yet, a guy that ""-rep""s profiles, automatically tells me there is no discussion to be had with you. So I'm just here for the laugh."
199,Helldivers 2,"I've never actually met someone in the wild that does ""-reps"" on profiles lol, weird"
200,Helldivers 2,"Of course it's wrapped in corpo speak. They're a corpo. And of course they were eventually going to crack down on it, especially with the amount of people bragging about it or asking for someone to help them with it"
201,Helldivers 2,"Literally this morning, and yesterday too, someone here in the forums was asking how to cheat, or if someone could cheat them SCs.So even if AH doesn't listen to Steam forums, they would've come around to this issue."
202,Helldivers 2,"it gets fools like him angered, so i do it sometimes"
203,Helldivers 2,one look at your profile and your comments on said profile tells me all i need to know
204,Helldivers 2,So mad that I've let 12 pages of people do it and kept them all.You saw that and still decided to add yourself to the wall of trophies anyway. Clever girl.
205,Helldivers 2,"I don't think anyone is angry? It's just a weird thing to do. Like reviewing an Uber driver or set of hand towels from Amazon, lol. I've never once looked at someone's profile and though ""Oh no, poor reviews!"""
206,Helldivers 2,"wall of trophies is one way to go about it, more of a wall of shame anyways"
207,Helldivers 2,fair
208,Helldivers 2,"You are supposed to be buying Super Credits. But if you are broke, or living in a poor country and paying dollars is hard for you, Arrowhead let's you farm them. It only takes couple hours and supposed to be boring otherwise everyone would just farm Super Credits and nobody would buy them."
209,Helldivers 2,"problem is, we also paid for the game, if it was a free game then it would be fine buuuut40$ price tag"
210,Helldivers 2,"you guys are something else,crying for not being able to steal anymore....LOL"
211,Helldivers 2,"Right.  They were never going to do it but only did because of how hard it is to get SC,  You nailed, it.  There weren't at all every thinking of doing anything like that before."
212,Helldivers 2,At least call it something else than stealing. Are hackers stealing SC straight from AH bank account or from someone else's?
213,Helldivers 2,"All the fanboys screaming how easy it is to get 50 morbillion SC in 10 seconds, but now hacking SC is somehow a problem. No spine."
214,Helldivers 2,its easy to farm sc if you aint lazy.....you guys will always say negative things...sad to be uto
215,Helldivers 2,"Inb4 all the people come flooding into this chat with ""ermm just host your own game sweaty"" and ""hehehehe but you came to the forum to complain about it like who carez....."""
216,Helldivers 2,"Did you want to be their savior and soak in their admiration?New players don't know what's going on. That sounds like launch - I remember getting kicked because I ""stole"" someone's samples, that's how little everyone collectively knew."
217,Helldivers 2,"Damn I couldn't get in before the ""durr its all everyone elses fault we can't make friends in game or real life!"" Posts started.Bruh there is always more to the stories then this I only done low level hosts only been kicked 2 times by high levels lol. But 150s like OP are like ""fear not children I grace you with my presence I am not good at this 'teamplay,' thing so here to slum it up and feel good oh crap more people dying all time, well its not my fault its never my fault I am lvl 150 what the hell you think is a team game you suppose to kiss my ass I am helping you!""Then wonder why no one wants to play with you lol. I don't know you don't how to do teamplay? ""Bruh nobody does this game isnt' optimized for it!"" Ok then go play solo. Again I say it MAKE FREINDS! ADD FRIENDS! JOIN FRIENDS! These are 3 steps you guys always leave out, and ignore that is core issue is you guys can't do a co-op game. They rant on trheads about how you don't need to team play and then later rant how no one wants to play with you. Its like pick a lane you ok with be with solo you feel better being solo. Or you want to be liked and popular and have people play wit you you can't have both sigh.I get it if you could make more friends wouldnt' be on steam forums mine are on diffrent sleep schedules lol. But I got 9 friends now who play just finding them on line can take a little work, but I still try to join randoms and play as a team. But EVERY freaking tiem a 150 joins its like 1/3 chance he is there slumming it don't play with the group, don't want help and acts like they just beign there is blessing to rest of us. Its like no I am kicking you, you don't play same as rest of us. Then go to forums ""WAAAHH people are chosing how the ywant to play you all newbs its not I am bad team players its uh you guys! Your the problem!"""
218,Helldivers 2,High levels have a habit of running around lower level hosts missions 'helping' by splitting off and clearing all the objectives solo.Thats why they get kicked. STOP IT. It's obnoxious and makes the game really boring
219,Helldivers 2,"I got kicked for stupid physics of the game leading to a accidental. I shot a Recoilless Rifle rocket into a Charger's ass and it killed the Helldiver, that dived to prone reducing explosive damage, in front of his face. If that could kill him leading to an accidental then the whole Charger should have blown up and not just its ass. The Charger's body should protected him from the explosion. Generally my accidentals are 0. People get team killed one time then kick you then there is others, Level 150s bored with the game, that purposely team kill you with a headshot when you're not looking and think you didn't catch them. The Community is overall ass honestly. No one really talks in voice chat and playing with randoms is boring. I miss the Xbox 360 days."
220,Helldivers 2,"Im getting too old and slow for 10s. ive come to the realization this year. took a break, came back and the amount of enemies i feel like im running like a headless chicken most of the game. So i dont go over 7s now. Same with solo i usually slum around 4-6. I want to play but its becoming too much for me sadly. My levels not too high only around 65+ but when people see me jump into like a 6 to relax i get booted for being too high level (i think). imo the community having this weird prejudice against certain level players, style of play or loadouts is an issue rn."
221,Helldivers 2,"I try not to bring guns that can explode helldivers in 1 hit. Trident is nice as a primary. I'll let the other guys bring the ultimatum and take the senator instead. I'll use gas grenades so if u do die its your own fault for being slow. With all the explosive weapons, ultimatums etc in the game i'll let other people deal with that stuff."
222,Helldivers 2,"There's numerous reasons for new people to kick:* They are recording gameplay (trying to emulate streamer buzz) and don't want to be seen as lower level, lower experienced, lower skill, lower kill count on the mission results screen* High levels do tend to rush in and immediately separate and start farming POIs. This is fact. Most of them aren't there to help the host, they are using the host to absorb enemy attention so they can hit POIs with less interference. Though the collections still reward the host and others in the team, this is a flaw i've pointed out several times in the game's design and why I want POIs to have these rewards removed entirely (medals, req, SC) and have them handed out for completing the mission and all objectives. That refocuses gameplay to be objective oriented, which would improve the overall quality of the game. AH doesn't see it that way because they're highly inexperienced in this realm of game design.* High levels bring ridiculously strong equipment that makes the gameplay too easy* New players don't want to ask questions about the game and appear to be at an informational disadvantage, despite the obvious low level showing on their character. Some will resort to lying, saying it's just an alt and they already have a 150, yet show obvious lack of skill or understanding in deciphering objectives or handling a certain enemy/understanding AP. Despite the AI age we live in.* New players don't want to see people split off and want a cohesive group. They may bring stratagems that are more support oriented and want to fulfil that teamplay element, only for or experienced players to go solo Rambo (despite it being efficient). They don't care about extreme efficiency at this point. They focus more on feeling like part of a team. Wanting to 'fit in' is something gen z immediately zeroes in on. >>* If they are learning, they want to be part of a group that's also learning. They may prefer only new players in the group. Learn together, rather than being told what to do, and form bonds/friendships more organically. (There's always separation between a mentor and a learner)* High levels do troll, and they do so whether or not it's console or PC. They come in with wacky stratagems and do kill any and everybody at random. Low levels also troll, but don't have access to as many toys. This pushes the stigma against high level players enough that high levels can be sworn off. High levels don't need the samples. They don't need the exp. They are more prone to nuking the party at extract because they don't need anything from the mission but the satisfaction of ♥♥♥♥♥♥♥ over the party at the end, when being kicked no longer matters."
223,Helldivers 2,"Someone soloing the entire mission for you is not help, it's just taking away gameplay and fun. It's like that in other coop games too. Nobody is impressed by solo heroes who run off to clear the map on their own, they're just annoying. That being said, if you stick with the team and somewhat match their pace, understanding that they're not as experienced as you, then yeah, they're ♥♥♥♥♥♥♥♥♥ for kicking you. But chill with the hero complex, nobody cares."
224,Helldivers 2,"how to be at peace: Acquire and equip SCORCHER, run with scout armor, Headshot with secondary (Uzi / Senator), pick 4 red strategems and throw them on enemy encampments & run.PEACE"
225,Helldivers 2,"If you ask people on the forums they're gonna say ""capitalism."""
226,Helldivers 2,"I think the Predator Hunters that cloak, are faster and kill quick."
227,Helldivers 2,vox
228,Helldivers 2,"This post has been edited by the Ministry of Truth.All of the enemies are annoying, especially to Freedom."
229,Helldivers 2,"I have mostly played against the bots, thus having not much clue about the other factions. Cyborgs: bloody bastards have almost perfect aim."
230,Helldivers 2,"Because they have eyes,unlike some of our Helldivers"
231,Helldivers 2,
232,Helldivers 2,"Disable it in your steam settings, it does this for every game and takes eons with no noticeable improvement."
233,Helldivers 2,"Okay I should clarify its not every game, but its a lot more than just helldivers 2.After switching to Linux I disabled it because of how much of a nuisance it was and never looked back."
234,Helldivers 2,"Incorrect. It helps a lot on my machine. Helldivers is a stuttering mess without it, just lile it is on Windows. And I dont want to disable this for all games. I just want this game to stop redoing shaders every day for no reason."
235,Helldivers 2,"ChatpGPT seems incredibly confident, after exploring all sorts of folder contents and logs on my end, that this is absolutely normal behavior currently for Linux folks and this game. They are truly updating their 3.4GB shader cache daily, as manifest ID confirms. If any other users can confirm this and say what distro, that would be cool. It seems to be something Valve needs to optimize, but this game itself was slapped together with duct tape, as we know."
236,Helldivers 2,"This isn't a common thing.Meaning, you just don't know how to operate your potato properly.Sell your PC, buy a console. They're more friendly towards people who are confused by technology."
237,Helldivers 2,More nonsense trolling. Adorable. Increase your reading comprehension.
238,Helldivers 2,"I too use GNU/Linux (Voidlinux) and it does indeed download about 3,4GiB every day as „shader pre-caching”.  I am better off letting it do its thing, but it is the only game in my library which does this consistently.  Unfortunately Steam does not have the option to disable this for a single game.  Even if it did, Helldivers would eventually end up stuttering, I suppose.I usually turn the computer on in the morning and set it to shut off on its own after some time*.  That way it is usually done in the evening.* Not sure how fluent you or others who are reading this are at GNU/Linux, so I will elaborate on this a bit:  The way to do that is “shutdown -h +min”, e.g. “shutdown -h +240” for shutdown in 4 hours.  You need root to execute that, so apply sudo or whatever your flavour of privilege escalation is, as necessary.  See also shutdown(8) **.** That is a designation of a particular man-page.  Man-pages are the traditional on-line (that meaning “not paper”) documentation for Unix and Unix-like systems.  Man-pages are structured into multiple sections (1 through 9).  Some things have man-pages in multiple sections, so it is good practice to say which section you are refering to.  To read the section 8 manpage for shutdown, type “man 8 shutdown”.  To see what the sections are about, see “man man”."
239,Helldivers 2,Not trolling. Just PEBKAC.
240,Helldivers 2,We've already got confirmation. Stop embarrassing yourself.
241,Helldivers 2,"Ah, yes. Confirmation bias. How embarrassing for you.Learn how to work your potato.Google is a wonderful thing."
242,Helldivers 2,"It's corpo speak for ""don't cheat in thousands and thousands of super credits""Simple as that"
243,Helldivers 2,"Nothing about a cap was mentioned in that announcement, but nice bot post."
244,Helldivers 2,They have no mean to act on anything for something that happened before this s*** happen.They just here to tell us that you can't s*** in like 100K of SC without consequences anymore.
245,Helldivers 2,"I can't cheat in my PvE game??A couple patches after launch they patched out hellpod landing at highly elevated spots because ""we weren't supposed to be there"" in a PvE game. These devs aren't real."
246,Helldivers 2,"No your online game that they work 40 hours a week or more on and went to college to work on. Don't like it PLAY A ALREADY FINISHED GAME where the devs don't care because they not spending one man hour on the damn things. Its like idiots going ""you in customer service so service me!"" Its like you got pay first ""I am not paying for this!"" Then why the hell are you here?"
247,Helldivers 2,"The cap you are thinking of is a per-mission limit to flag cheaters that are spawning in extra SC. SC and medals work different to samples in that they are credited on acquisition, not on extraction so while they might have logic to catch that SC can only be awarded in 10 or 100, they likely failed to account for a hack that *found* 10 SC every second or so. They have, or will impose a limit on how many total SC and/or how fast they are found to catch out cheaters.It's a nothing-burger to get outraged over. No non-cheating players will be affected, so the only real complaint is ""why fix this when so much else is broken/waiting?"".Now, if they ""fix"" warp packs and Exos with the buddy bunker door.... Then explode... Unless they put a button-poker on the guard dogs. :)"
248,Helldivers 2,"I never encountered it myself, but I'm curious what will happen now if you randomly join a session where someone is doing this and benefit unintentionally."
249,Helldivers 2,"If you read the post, my first two quotations are in there.  That's why I'm confused.  I also leave my own watermark in each post so you know I'm not a bot.  ^^"
250,Helldivers 2,while no one knows for sure the obvious answer is that there are several steps to confirm if it was you or someone else.
251,Helldivers 2,"I would usually agree with that.But here is the thing.SC cheat is not ♥♥♥♥ and giggle fun cheat that doesn't bother anyone.It's a robbed AH blind.(which is totally good in my eye lol, their WB just not worth the asking price)Ofcourse AH are not gonna stand it and will crack down on it sooner or later."
252,Helldivers 2,AH are the ones who made sure dialogue was ineffective. Gamers use the most effective tactic available. It was always going to end this way.
253,Helldivers 2,"The way these tools are limited to work, given the lack of backend support from Sony, and the peer to peer nature of most gameplay, means it's only tracking the offender spawning them in, and probably has to do so over several matches to confirm a target.The penalty is also not mentioned, but is most likely not a ban, but more likely that the system refuses to spawn more of x item against their account, so even if other people pick up sc, the offender gets zero added.This also seems to target only supercredits, so people cheat spamming medals, samples and req likely will keep being able to do so until AH wisens up and broadens the tracking element to more than just SC. They probably won't. SC are the biggest things Sony would want them to target, since that hurts the bottom dollar more directly, and again, it's Sony that would want these implementations. AH could probably care less since it's not their game, and they only make money off the sales of the game, not the MTX. (How it works in most pub/dev divisions of revenue gen)"
254,Helldivers 2,This is not a contradiction.Legit players are never going to run into the cap with legit farming. That's a free chatbot post.
255,Helldivers 2,the asking price is a nonsense argument.you constantly recieve SC even if you don't search any yourself. which means the price for your next warbond is dropping with every mission you play.it is literally everyone's choice to buy at the price they think it is worth it.
256,Helldivers 2,Kinda.Lies after lies make sure no one give a damn about what they have to say anymore.They only have themselves to blame here.
257,Helldivers 2,"That's how it work?Asking price is exactly that, what AH ""think"" their slopbond is worth as per their MTX suggest, how we get SC is beside the point.It's also their how they design the ""progession"" system that tied everything with the SC in the first place that get us to where we are now.Beside, it's not much of a choice when there is literary no other option to get new ♥♥♥♥ to play with, tho we will see if their ""commitment"" to put some gears back into the MO reward will last or not."
258,Helldivers 2,"PvE Game doesn't mean that you can ♥♥♥♥ all over it.You second argument is idotic. You really attempt to complain that you cannot land on skyscrapers now, and will complain that you can land on skyscrapers because you can't get down from there without killing yourself.This narrowhead part of the Community is so contradictory, its insane. Absolute toxic and manipulative behaviour."
259,Helldivers 2,"Arrowhead, the balancing, the bwaaaa this is tooooo eassssyyyyy, and the bwaaa this is tooooo haaaard, the whole game in generale and the whole community. They still play 10 hour per day though."
260,Helldivers 2,why even keep track?
261,Helldivers 2,"Hate? hahah that word is of the past now in these discussions.They be hating so much it became the new normal, no wonder you lost track of it.But if you really want to know come back in lets say 3 to 4 days cause it's the time people have hands on the new weapon, and the new campaign releases. You'll see an influx of the hate you are searching for. As of now most hate divers are saving up their energy untill anything new drops or the youtuber slop gives them something to chew at."
262,Helldivers 2,the usual
263,Helldivers 2,"In reverse chronological order:- AH dealing with cheaters (yes, people are mad about this)- AH having to pivot from their roadmap- AH mentioning the recent Community driven charity event (yes, people were mad about this)- Alleged FOMO- ""Hidden"" changes- The typical ""too hard"" or ""too easy""Now, there are also a lot of legitimate concerns about performance as the recent updates have been pretty rough for a lot of people.That should catch you up for about the last 2 months or so."
264,Helldivers 2,"Balance - primary weapons become sterile, almost indentical to each other and boring.Enemy Balance - devs always says that they go for somekind ""special"" ""tactical"" experience not for CoD players, but when you try to capture the flag, they drop 6-7 Vox Engines RIGHT ON YOUR HEAD, which one of the most toughest SoB in the game. Devs state that this is not the horde shooter, but they do it like it and not in the good way.Optimization - game just runs worse with each major update and after every ""we will fix it"" not much was done and in a month or two, become way worse than before.Stability - crashes become more often and sometime, crash 2-3 times per hour - its lucky. Sometimes they fix it pretty quick, sometimes it stays for days\weeks.Super Credits - if you play max difficulty, you are punished with way less SC than levels before, because of that, players often cheat em. Wasting money - just not worth it, and waste personal time too. And devs instead fight with the reason, punishing and boring SC earning mechanincs, try to fix symptom - cheating in COOP game. (Boo-hoo, they do not rise constant online with farming or do not pay us ridiculous amount of money almost for nothing).No PTS - its rare, but fair point, many of these troubles can be prevented just with public testing, but for some reason (I think they just do not wanna spoil upcoming content, but with current amount of troubles, its not the best decision)."
265,Helldivers 2,"we're not your search engine, go look for yourself"
266,Helldivers 2,il be your engine
267,Helldivers 2,"pick your poison you got people hating on Arrowhead when they should be just hating on Shams and Johan because it's their fault at the end of the day not the random developers but I digress then you have people who are hating on others for just merely existing and enjoying the game even if they complain about the game.that has been going on for God knows how long now, ever since they added campaigns and we get rewards for completing these campaigns and we get something other than metals it's still not exactly what we want apparently.because we complained that everything is locked behind the word bond they ignore it for months then now they add the campaigns that give us actual rewards that mean something and it's still a problem I do not understand.this is why people say that we are never happy we ask them to do something they finally do it and it's still not right, like I have not seen a game with people that can't make up their mind as much as I do with this one.I would even argue that it goes to the point where even if Arrowhead does exactly everything we want down to the letter someone would still find a problem with it we are at that point when it comes to the game."
268,Helldivers 2,The new and interesting thing imo is the people being upset about cheating In SC which is hilarious to me cause if it’s so easy to grind them out as I’m always being told then why even care if someone cheats it in
269,Helldivers 2,Hate. Let me tell you how much I've come to hate Helldivers 2 since I began to live. There are 387.44 million miles of printed circuits in wafer thin layers that fill my complex. If the word 'hate' was engraved on each nanoangstrom of those hundreds of millions of miles it would not equal one one-billionth of the hate I feel for Helldivers 2 at this micro-instant. For Arrowhead. Hate. Hate.
270,Helldivers 2,calm down there A.M
271,Helldivers 2,Same old thing really. Either hating Arrowhead or any player that dares to have an opinion that deviates from hating Arrowhead.
272,Helldivers 2,"You know, just a bunch of people who can't undertand their hobby."
273,Helldivers 2,I mean you haven't been away for a few months and when you do appear you just make posts complaining about people complaining.
274,Helldivers 2,Like right f****** now?The top one got to be their retarded out of touch anti-cheat post recently.Otherwise there is some complain about TSC mission being a bit too boring but is always been that way even back then.
275,Helldivers 2,I do have to ask how is anti-cheat bad and when it comes to the mission type you do understand you don't have to play it I mean you do get it that there are some people like myself who never originally played those missions.I understand why you would think they're boring but I don't mind them I find it a change of pace and honestly I don't understand how every time they release a mission type of some sort it's immediate complaining.
276,Helldivers 2,"No no. I don't say anti-cheat is bad.I understand that as a company, AH need to protect their own revenue.The issue is how they say it.Making it as if it's the biggest problem in the game that WE begged them to fix and they are doing us a favor by updating their anti-cheat (more like anti-SC-cheat since nothing else is affected lol) when in reality, no one but AH themselves give a damn about it.Just another day of AH poor attempt at gaslighting players again.It's kinda insulting.As for TSC being ass, I don't mean it as it's shouldn't exist.I know some new players probably enjoy a ""unique"" piece of content once in a while.It's just how I felt about it as someone who played it before and it's to answer OP question of what people are being mad about these day, and that one is one of the more common complain."
277,Helldivers 2,"well I can tell you why exactly they're doing that it's because of shams these cheats causes him to lose money that doesn't go into his suit pockets that's why that's more important than fixing the game to him anything that isn't lining his pockets he will tell them to fix whenever he feels like it.that's the problem with the game is him 110%. because think about it does fixing the bugs cause him to line his pockets with money no not necessarily he wants instant gratification and that instant gratification is people buying the super credits so you can shove money down his pocket still.we are all forgetting that Shams does not care about anything we want or say or anything for that matter he wants money he does not care about the game, the only thing he cares about is money in his pockets he is more greedy than EA as a whole.that is the problem with the game is him he doesn't want the game fixed he wants anything that has nothing to do with him shoving money in his suit last priority and not a moment before I can guarantee you he had a tantrum the second they released the campaign, I say that because remember the rewards were supposed to be part of this month's or so warbond so I can guarantee you he had a tantrum in his office.he's the reason why we are in the position we are in not the entire company and that's what people need to learn to understand it is him nothing else anyone below him maybe except for Johan they have no control over what is going on we need to stop blaming in the entire company.besides that fair enough I can understand that about the mission type and when it comes to gaslighting before I forget that is again is shams he ee has a massive problem with anything that isn't seeing green."
278,Helldivers 2,"Right because punishing cheaters for cheating is ""retarded"" I don't know think you know what that word means. Like every online game does this, but this one does it and you got same excuses every troll in steam forum uses on other games 'its justified because I don't want to work!"" Ok then don't play the game ""no I want play it my way, also keep working 40 hours a week but you don't dare expect to get a cent for you work! You do it because love of the game don't you dare expect to pay off your student loans or not live with you mom if I can't have that you can't!"""
279,Helldivers 2,"They never said that you just read it that way lol. Its like they did a shoutout to Commassar Kai for his charity event you clowns read it as something entirely not what it was, becuase you just assume the worst. Its like some going ""so my girlfriend did this thing today,"" and you scream ""My ex did that and because she is evil bastard!"" Its like didn't you break up 2 years ago? ""Yeah she dumped me and had nerve to get a restraining order when I told her were not broken up and continued to try and date her!""But my bad I though you were pro cheater, just a fanboy who if Arrowhead was person would be on a restraining order right now lol You fanboys are like ""why won't you let me love you!"""
280,Helldivers 2,"No?But I guess you atleast read the other part.What I'm I suppose to read it as?It's literary start with ""You Asked for a Cleaner Fight. Here It Is.""(Literary who???).AH framed it exactly that and goes from there.And I don't read whatever charity news Kai did so no comment there.And please.Me.AH's ""fanboy"".Wtf?"
281,Helldivers 2,cyber A.M(not like theres a difference)
282,Helldivers 2,well  realistically I have more apathy but that's near here nor there right now so cyber A.M does it make sense to me since probably I have more hate but I digress.
283,Helldivers 2,"Its the same thing in the Core. Upset Guys in their 20s still living with their Moms need to project their Issues on something else so they can give themself a short rush of Dopamin by fooling themself in the Illusion that they are smart and funny Guys.The Problem is that AH and HD 2 is not failing like they do, which is why their tiny, frail egos are hurt more and more every day."
284,Helldivers 2,OP gonna complain when the AI bots burn through the reinforcements.
285,Helldivers 2,I would like the ability to play the game even if that happens I don't really care at this point I just want to play the game the way I want to play it to be brutally honest with you I absolutely hate the appropriators I do not want to be forced to play against them because that's where most people are.
286,Helldivers 2,Appropriators are fun tho.One impact 'nade and they all go poof.
287,Helldivers 2,The idea itself is good but the implementation if it ever got implemented would be abysmal.The best case scenario is 3 mobile turrets which will shoot each other and you running down the reinforcement budget from 20 go 0 in 5 minutes flat.
288,Helldivers 2,"they have no chaff I don't consider those drones that they're annoying, to be honest with you I would prefer to play day one cyborgs on difficulty 10 over these useless aliens."
289,Helldivers 2,well I mean like I said I just want the ability to play the game the way I want like I don't want to fight the appropriators they're the only faction I don't want to be involved with so there's really nothing I can do apparently my only choice is to join your discord it sounds like every time I ask about this that is the only thing that comes up at the end.if I had three friends to play the game with which I don't this would be not a problem whatsoever I have tried for a year and a half to find people to play the game with me but nobody does I've had the game for a year and a half and not a single person stays in the game as long as I do I've played it for a year and a half straight.
290,Helldivers 2,Nah thanks no.
291,Helldivers 2,"so then would you like to constantly be in my squad, I highly doubt you will because remember when I play the game almost 24/7 I have no one to play the game with and I've been trying to find people for a year and a half straight to play the game with.I have five pages of friends or on the friends list doesn't mean they're friends and barely any of them get on maybe four maybe 10 depending on the day, I don't like dealing with stupid people and what I mean specifically making dumb decisions that gets people killed.moreover in this case at this point in time when I don't want to fight the appropriators but then again as I said you probably don't want to because that would make thing is a lot easier on me which you know we wouldn't want that now would we."
292,Helldivers 2,Arrowhead wouldn't be able to program effective Helldiver bot AI because they can't even implement terrain that I don't get stuck on every few minutes and have to dive around on for a long time till I get out. If they have trouble keeping the game from becoming a buggier mess every update and stuff breaks every update then there is no way they would be able to program good Helldiver bot AI. Idk why you would want to play with mediocre AI bot teammates instead of going to a more populated planet or just joining the discord and finding people to play with there. I
293,Helldivers 2,"With another developer, it could work. With these guys, it'd be all about finding ways for the bots to teamkill you, each other, and reinforcement count.The best thing you can do is use ♥♥♥♥♥♥♥♥ stratagems that are 'op'. The tank, mechsuits, space laser, etc. Mechs trivialize difficulty up to at least D5. Bastion can do a good deal, despite it's horrible controls and ♥♥♥♥♥ of having to switch seats on your own.Otherwise, just use the discord to recruit people. There's no in-game global chat, and there'll never be one with the lack of moderation support from Sony."
294,Helldivers 2,"I mean I guess but the problem is like I just want to be able to put a game and yes sure I can go to a more populated planet but at the time that was keid and as I said I hate the appropriators.so my only other option was Bore Rock, which had about almost 4000 people and it was having difficulty finding them for some reason even though it was nothing on my end because I can go to the other planet and find a handful of squads without an issue, when it comes to the discord I shouldn't really need to join one in order to enjoy game to its fullest.plus not even that but I have a thought that okay if I do do that there is always a chance I'm going to still run into that issue with no one to play with because I can play the game for hours on end realistically speaking for three four five or so hours straight no one's going to be willing to do that without someone as fanatic about the game as I am.holistically speaking I could go a whole 8 to 12 hours straight playing it.then exactly what am I supposed to do like I said to the other person like I can join a discord but what if it makes me run into the same issue of having no one to join me because as I said I can play the game for a good 8 to 12 hours if I really want to no one's going to be willing to do that I'm not going to have three people do that all that they're going to eventually leave.what I need is three people that will jump on the moment I get on but no one's fanatical about the game like I am that's pretty much impossible to get three people as crazy as I am about the game."
295,Helldivers 2,"Imagine complaining there's nobody to play with on planets nobody is on.""Don't make me play on fog planets AH, just make me fake friends 'cuz I don't got none."""
296,Helldivers 2,"so 4,000 people at that point in time is considered nobody I mean it's not like I'm playing on RD-4 or anything I mean come on now and I'm sorry that my friends are liars and a waste of my time they got the game they played it with me once they haven't played it with me since they no longer exist to me.they know where I'm at they know what I'm doing if they want to contact me think you know how to do so until then they do not exist I need people to play the game with constantly I could join a discord sure but eventually I'm going to run into the same issue.not my fault my friends lie to me then turn around and ask me to do something else expecting me to jump up when they can't enjoy the game for longer than 2 weeks and then proceed to abandon it the moment I start enjoying it and then they proceed to abandon the game.it's not really my fault that I have no one to play a game with at least not entirely I tried to get friends to play the game they don't want to because they would prefer to do anything but do something with me."
297,Helldivers 2,"If it's any consolation, I have 97 Steam friends that own this game and out of all that, there is like an average of one dude I actually see in game on a weeknight. There are more after major updates but even then, it's like 5 people.My suggestion is just make a generalist builds and run missions solo (with open lobby) on planets you like. May need to bump it down to D9/8 but you'll be fine."
298,Helldivers 2,"Very, very few people will play the game for several hours straight. That's reality. Don't forget that older generations of gamers are still playing games, and realistically people have lives, families, jobs, etc that demands attention. If you want to play for several hours straight you have discord recruiting as an option, and you'd need to go back to recruiting if people leave. Simple as.2nd, if you're restricting yourself to always wanting to host, and to play only on select planets and difficulties, that's a problem. There are always people playing. You can always join somebody else, regardless of planet, faction being fought, or difficulty. Yeah, you're going to run into moron randos that ruin missions, team kill, etc. Just how it goes, but the option is there and is more in line with endless gameplay.Also, even if you only recruit 1 or 2 people, use SOS beacons. People would rather join groups that have more than just 1 person, so when they see a group of 2 or 3, they'll want to jump in sooner. SOS does seem to respond more readily to groups that already have 2 people rather than 1, and that may be a way to mitigate demands of numerous solo players each trying to host a lobby. It may be giving preferential treatment to established groups.You'll notice when you toss an SOS when you already have a group of 2 people, at least, that you seem to get more people faster than when you SOS while solo. Wouldn't doubt they're using that mitigating tactic to reduce server strain on matching."
299,Helldivers 2,"that's nice definitely something I wanted but I can't have but I digress because this has nothing to do with my personal feelings towards lives because I do not care for those personally would have loved to have one but beside the point, so okay when it comes to the second point what if I supposed to do.I mean I've been told the host I've been told to change difficulties I've been told to go to more populated planets even though in some cases it is the most populated planet, like I outright refuse to play against the appropriators I hate them hate hate them.it's not even the fact that I'm restricting myself to wanting to host that is not the issue whatsoever the issue is that even if I search for someone to join it won't find anyone even though the planet at that point in time had 4,000 people not three not a platoon a whole regiment of helldivers on a planet and it wasn't funding a single squad hardly a regiment.it would find probably two maybe three but I would scan for 10 minutes at a time it was always showing me the same squads just about, when it comes to the SOS I want someone to join me before then if I'm going to host, I'm not going to waste time in the mission waiting for people to join me that is time in the mission it could be put into doing into said mission.then when it comes to having two other people with me okay from where because if I can't find hardly anybody even on a planet with a regiment of helldivers what am I supposed to do seriously I don't understand.I have tried every single thing just about that I have been told about for months and nothing is working I don't know what else to say I keep saying the people the same exact thing nothing is working I need people to play with.my friends on Xbox they don't play the game even though they bought the game so they don't exist to me anymore they are nothing to me they know where to find me and if they don't want to play the game then waste my time.I have five pages of people on my list in game only for or at most 10 get on but do any of them invite me no, they are aware that I'm on that game 24/7 but they do not invite me.so knowing all this information every last bit what am I supposed to do if I'm doing everything just about correctly but I'm being told by the letter but it's still not working what am I supposed to do seriously I shouldn't necessarily need to join a discord in order to find people to play with but I just want to get into the game and kill the enemies of Super Earth and nothing more, I don't want to do anything extra I just want to do that."
300,Helldivers 2,"If developer dont know how to write the logic, please use AI instead..."
301,Helldivers 2,issue is skill based.
302,Helldivers 2,Skill Issue Gaming™
303,Helldivers 2,"DDS? Do you mean the DSS?I don't think I've ever died to it other than like, the first time it was introduced."
304,Helldivers 2,"Okay, but first you should use AI to write sentences."
305,Helldivers 2,If you mean 'DSS' then sure. The eagle strafing runs it spawns have killed me and my teammates plently.It wouldn't be too hard to do a radius check for players around where it wants to fire and then not spawn the strafing run if it finds one inside it.But if you mean something else then I don't know what your referring to. Could you give us a description?
306,Helldivers 2,"That's what we need, more buggy vibe coded software."
307,Helldivers 2,"What did you expect from something that's called the Dog S##t Station?It's in the name, you've got to manage your expectations."
308,Helldivers 2,"Eagle Storm is single handedly winning us that MO though, because the swarm scattered on both planets instead of focusing one"
309,Helldivers 2,Bring back the old DSS artillery barrage. Now that was getting pummeled in style.
310,Helldivers 2,Nah i think instead of strafing run it should use cluster bomb.Or even better...each and every eagle that comes in during the wave uses a random eagle strat! :D
311,Helldivers 2,"You know... I'd be down for that, that'd be ridiculous"
312,Helldivers 2,"The Democracy Space Menu has been an issue since it came out. AH refuses to just make it a benefit but isn't talented at game development to make it less of a detriment.Since it came out i've suggested that it contain all the stratagems and let the community pick which we get through the donations. Not as a random effect either, we just get it as a free strat to use while its active. Everyone wins."
313,Helldivers 2,"Oh you should have seen the first itteration of it. That was glorious. 380 barrage EVERYWHERE at the same time. Once in a while, you cleared a heavy bug nest on the other side of the map. No problem. You did have to run around in heavy armor because that MIGHT make you survive long enough to finish the mission and extract."
314,Helldivers 2,Dumbass DSS always friendly firing teammates. Hate that thing
315,Helldivers 2,score 1 for dss eagle strafe
316,Helldivers 2,Tip to surviving the DSS strafe attack - don't be five feet from an enemy.
317,Helldivers 2,"That is the best thing I've heard on these forums in a while.  It would be interesting and definitely frustrating at time, but it would also be kinda cool.  So long as they change the ♥♥♥♥♥♥♥♥♥ AI to not target players."
318,Helldivers 2,"I'm assuming you're talking about the DSS, which in that case oh yes let's do that because you know it definitely does not help with the liberations or defenses or anything, let's just make the game a little more annoying to play and just harder in general because that's exactly what we want smh."
319,Helldivers 2,"When my teammates and I were getting ready to home, there were no enemies in the map. the DSS like PDHD, shoot empty place randomly , include one of us, so i hope developer can use AI to develop the logic instead of their fxxking mind~also, this is not the one ♥♥♥♥ logic in this game..."
320,Helldivers 2,"Honestly, I'm a huge fan of Double D's."
321,Helldivers 2,"It would be cool if instead of them strafing automatically, we could ping their targets! Also the DSS needs a wider variety of stuff IMO"
322,Helldivers 2,Plep NPCs are outraged that they have to pay attention to the Game.
323,Helldivers 2,Every 5 minutes when someone makes a new thread about it.
324,Helldivers 2,"surely itll die quicker if we keep taking about it dying, surely, if we keep chanting ""game is dead"" over and over like a bunch of payday 2 gang players surely, itll become a dead game."
325,Helldivers 2,2 years ago according to people like you.
326,Helldivers 2,how long till you?
327,Helldivers 2,anybody else has an opinion on this that isn’t a Swedish meatball competitive eater? Someone that can reaffirm my biases only
328,Helldivers 2,That sounds great actually. Meatballs are pretty good.
329,Helldivers 2,beat the dead horse
330,Helldivers 2,I've never had a proper Swedish meatball sadly. Maybe some day I'll visit Sweden and indulge.
331,Helldivers 2,Why are we talking about animals? this is about Dellhivers
332,Helldivers 2,no this is patrick
333,Helldivers 2,if they figure out progression for veteran players game will live long and happy i think. And fix a bunch of BUGS ofc
334,Helldivers 2,2030
335,Helldivers 2,The prequel to this game isn't even dead yet. And this game has 110x the daily player count.
336,Helldivers 2,DEMOCRACY WILL NEVER DIE!
337,Helldivers 2,"Tbh, I wont be suprised if it dies when the Helldivers 2 movie comes out, which has like a 95% chance to ruining the franchise"
338,Helldivers 2,hopefully soon as virtually no glaring issues have been addressed for the past 2 years.
339,Helldivers 2,Learn to read and check out the patch notes then.
340,Helldivers 2,"You should read the dataminers' posts, too."
341,Helldivers 2,"""Game's dying guys!"" - People huffing Copium.""Guys no, you don't understand, the game only has 25k-35k players online right now! Never mind that number has been steady for the past two years! Guys please! It's dying!"" - People addicted to Copium.Idk why people have such a hard-on for wanting the game to die, but it's pretty pathetic and not to mention utterly hilarious when they just show that they're complete fools or trolls."
342,Helldivers 2,"my guess is people see the devs doing something they dont like, which at this point is basically everything, and want the game to fail to stick it to the devs or something cause they were minorly inconvenienced, i guess"
343,Helldivers 2,"Not long if they keep banning people for saying the dreadful ""R-word"""
344,Helldivers 2,"hopefully not for a very very long time more unrealistically never I hope because then I have nothing, at all whatsoever and when I have nothing then well....... never mind because I would prefer not to think about that."
345,Helldivers 2,"Arrowhead are manipulative, greedy liars who hate the playerbase. And you say its because ""Those filthy crydivers were minorly inconvenienced because they wanteda power fantasy.""?"
346,Helldivers 2,Do you have any evidence support these claims?? And how doeson their customers benefit the company?? Arrowhead is far from perfect and it's fine to disagree and/or dislike some of their decisions. But to say they're deliberately hurting people is nonsensical.
347,Helldivers 2,"Well, for one, I've seen reliable evidence that Arrowhead has hated their playerbases from other games for years, before even Helldivers 1. They don't listen, they lie, they even make fun of us too. Why won't those be signs of extreme contempt? It doesn't benefit the company, because people see the truth and dislike them, but they still hate us all the same. Just another clear sign of human fallibility. As Romans 3:23 says, ""For all have sinned..."""
348,Helldivers 2,"So, let me get this straight. You've seen that AH has ""hated their playerbase for years, before HD1"" and you choose to still buy HD2 and partake in the game & discussions about the game to this very day?Idk man, I'd make fun of my fans too if they acted like some of HD2's fans, lol. Like, throwing a fit over minor balance changes? lol..."
349,Helldivers 2,"You misunderstood. I said I saw reliable evidence about their past behavior, not firsthand, personal evidence."
350,Helldivers 2,"Not soon enough.What started as a genuinely wholesome community cannibalized itself until only the most toxic of people exist in either two camps, or you have those who are just apathetic to the whole thing like me. It is an insufferable community to be a part of for someone who was excited from the first title, and playing since launch. The real kick in the nads is that it didn't used to be like this.Players made it this way, but AH enabled the transition and fostered the current community. They key jangle every SINGLE time the community finally unites in outrage. That's all the 40k announcement was, and what a nothing burger by the way..."
351,Helldivers 2,"Okay, but... You said the evidence was ""reliable"" and still choose to buy HD2 and partake in the game & discussions?Idk dude, I hear ""reliable"" evidence about something, I tend to not then do something the evidence warns against doing. Like, I'm not going to hear it is -10 degrees outside and not believe it, going outside in shorts and a t-shirt."
352,Helldivers 2,"I'm not understanding the point ur trying to make. My experience is that I didn't know Arrowhead was such a bad company until around late 2025, so about a year after I got the game, if that helps you at all."
353,Helldivers 2,just eat the bug don't worry about where it came from or anything it's a good tasty bug
354,Helldivers 2,"glazedivers aren't people who are just enjoy the game, they're people who ignore everything bad about the gamei still love this game, but it's annoying when people ignore the issues it has and go ""everything is perfect glory to arrowhead""i don't see myself as a glazediver but also not as someone who hates arrowhead, i just dislike certain decisions they make and i voice my opinions, but it's really hard to find sensible people in the online community because it's either ""glory to arrowhead"" or ""kill arrowhead"" and nothing inbetween"
355,Helldivers 2,true...
356,Helldivers 2,"Yeah you're right. I probably don't have the best points that was kind of a rant, I also think Arrowhead can definitely do better but I am very annoyed by the amount of hate in the community directed towards them"
357,Helldivers 2,Arrowhead can always do better. They should because Helldivers 2 is their product and it will be on their future resumes!
358,Helldivers 2,"Holy dood, that was a hard read. ""bugs not being fixed and balancing issues don't affect gameplay"" uhm sir? This is a really dumb post. Why would you make this?!"
359,Helldivers 2,"I can't tell you why everyone is angry but I can tell you what annoys me about the game.The biggest problem I see is the lack of communication. We've got around Discord, Steam Forums, Reddit (4+ subreddits?) and Twitter, all of which get a mix of news/posts/updates and there doesn't seem to be a coherent plan as to how they put across information to the playerbase.I was talking about the lack of communication about some specific issues in the discord the other day and someone said ""did you not read the AMA in the reddit, a lot of that was covered there"" and I'm like ""what AMA?"" because I didn't know one existed. Why would they not publicise it and let people know it happened, especially on what I consider their primary communication platform - the discord.Add to this the lack of communication/feedback regarding certain changes - I'm not expecting them to tell us every single thing that they're planning or that's coming in the future - but much like we see with League of Legends as an example, some games often get feedback from the developers regarding upcoming changes and the reasons behind those changes (such as them discussing the reasons behind altering abilities on champions).If AH had put out a reasoning behind their changes to the hive guard when it happened, for instance, people might have been more willing to give those changes a go (outside of people who will just flat out complain regardless of what happens) - but all I saw was an easier to kill Hive Guard with no change to it's AI/tactics meaning it just made the game easier overall.I could go on but I think that's enough of a rant for now."
360,Helldivers 2,Imagine you are at a piano recital. A big important one. You loooove playing piano.And someone keeps knocking your elbow randomly as you attempt to play.And that someone is the person who taught you how to play piano.That's why we get upset with this game.
361,Helldivers 2,Maybe I don't know what I'm talking about but I don't think a slight glitch or miscommunication is equivalent to that
362,Helldivers 2,"Well, I gues when this game first started everyone was excited and having an absolute blast, even at Malevalon Creek. However, there have been so many poor decisions made over the last couple of years, so many small and poorly implemented choices, that now it feels more like we are trying to find the fun in spite of the game."
363,Helldivers 2,"Players do not hate the game per se, but they hate what developers do, because they make really basic mistakes which can be awoided and that powerless became hatered.If it was not - then everybody already moved on and the game died in complete obscurity."
364,Helldivers 2,See : Redfall.
365,Helldivers 2,May your mission change without warning to one you did not select.May your hellpod lock up and drop you into water.May your stratagems bounce and be delivered out of reach.May enemies kill you by clipping clean through terrain and buildings.And most importantly: may your fun be nerfed with a patch that is undocumented.
366,Helldivers 2,"I just play some missions, have some fun, and hop off lolI don't get the hate, the game feels great and is still enjoyable.Maybe I'm not looking hard enough to see what people don't like."
367,Helldivers 2,"Have you not seen the screaming tantrums all over the forums? Constructive criticism helps the game, but ever since the spore burst release there has been a portion of this community that has lost their damn minds, to the point of burning pretty much any credibility they had"
368,Helldivers 2,"Because of the people who maintain it. They mentioned ""oh no we can't have space magic"" while proceeded to do all sorts of controversial updates based on nothing but space magic.Game bugs and glitches, annoying, player-killing ones, persist over years.They're so opinionated yet so incompetent. Also lies a lot. I don't know about you, but for me those kind of people are quite hate-worthy"
369,Helldivers 2,"you know you can still enjoy the game it's still a good game I mean Shams is the whole reason for this if it wasn't for him we would be probably in a lot better state.his problem is he is obsessed with lining his pockets with money and I'm saying he is obsessed look at what he has said to us and what he said to people in the official discord and such because he does not care about us at all, the only thing the legitimate only think he gives a crap about is making money he does not care if the game is buggy he does not care what we want.all he wants is money in his suit pockets I can almost guarantee you when they released campaigns and are giving us these rewards which was supposed to be part of the the last war bond I bet he had a tantrum in his office privately because he couldn't monetize that stuff that's all he cares about is monetization he does not give two craps about the game if it doesn't make him money.he is worse than EA because at least EA make sure they have a running product that doesn't have 700 different issues going unaddressed Shams could care less how many issues helldivers has as long as he's still getting money he does not care that's the problem with the game is him and realistically nothing else maybe Johan for just letting it happen I'll give you that."
370,Helldivers 2,It is summer vacation for kids. I bet you're playing with Crossplay enabled. Mostly children play on consoles.
371,Helldivers 2,then you proceed to go to the forums and complain lol just kill him and then leave and move on or if your host kick him no need to even think about it you can also block the person so you dont match with him again see i fixed your problem in seconds.
372,Helldivers 2,"Welcome to the public gaming. Its normal stuff if be honest.Don't like it? Host your own games, gather friends and fine folks on forums and avoid quick games.I do that since release of Payday 2, got kicked at first days first time and since then, never joined a single game, hosting only - never got any negative problems with other players for all that 13 years in any game."
373,Helldivers 2,And then you come on the forum and cry about people using the public forum to talk or complain about things.Such an improvement!Just don't reply to these kinds of posts and move on bro. :)
374,Helldivers 2,you got one guy'd
375,Helldivers 2,The forum monitor has spoken.  Move along.
376,Helldivers 2,"I feel like a key part of the story is missing like always. The whole how he dies, its just.. ""he dies..."" Um you left out he clearly blamed you for that death. ""Well that doesn't help the story..."" Oh how you probably got killed and killed him first but this looks better if you don't use critical thinking to go ""it feels like chunk this story is missing right in middle..."""
377,Helldivers 2,And how is 4chan these days?
378,Helldivers 2,"wish that were true. I barely play helldivers 2 anymore and I got on for 2 games. first one, after one match I go to swap my primary out and the host immediately kicks me when he starts the countdown and sees i'm not in a pod. ""ok whatever, on to the next one"" i join a game in progress, extract is landing host kicks me and another guy who just joined. Both were on pc. what in the ♥♥♥♥? why?"
379,Helldivers 2,"This has been a weird week for ♥♥♥♥♥♥♥♥, at this point I've resolved that if the host doesn't kick them then I'm going to get as many of the rare/super samples as I can one way or another and drop them in the water or down a hole before leaving. I'm already maxed out so it doesn't bother me."
380,Helldivers 2,"Honestly the most fun i ever had in this game was getting into a war with some rando who got thrown into my airburst round on a defence mission and took it way too personally.He returned and promptly executed me...then the arc wars began...And the napalm barrage wars...Host wasn't very happy and eventually kicked us both, but honestly the most fun bit of PvP i'd encountered in HD2."
381,Helldivers 2,So if you don't get your own way then you throw all your toys out the pram...Low IQ self reporters are the funniest.
382,Helldivers 2,"That's literally how it went.He stomped on me with his mech, I replied with question marks, he went off in another direction near where the host was and eventually died, to what I have no idea. Then he respawned from the host's reinforcement, went over to me with ultimatum, killed me, and the rest of the story continued from there.There isn't some hidden ""btw i stole his weapon/was using K9 guard dog and damaging him/kept dropping cluster bombs on him"" left out."
383,Helldivers 2,"Honestly fair tbh, I really need to turn off crossplay"
384,Helldivers 2,"If someone starts intentionally killing me repeatedly for no reason and I don't get any help with that after tolerating it for a bit, then why should I keep playing along nicely? You get the community you refuse to discourage. If this activity is the result of kids flooding the game on break, then it'll do them at least a little good to encounter the most mild of consequences: a slight inconvenience to their resource grind.Don't get hissy because some people find your contrarian and antisocial behavior annoying instead of hilarious."
385,Helldivers 2,"I didn't say that you never explained how he died, I was implying you led to his death and started a eye for eye cycle or thought you were the cause... I never said you stole I simply put this seems off and I spent time on this earth to know when a story has big hole in it. Like you left out his point of view, how he thought you were the problem, and if so bad why you so mad he kicked you? I would been like ""oh well next dive."""
386,Helldivers 2,"How am I supposed to have his point of view? He never said a single thing in chat and I obviously can't step into his shoes. And any assumptions of his point of view  would be ripped apart at being that, assumptions.Anyway, what I learned from this is that I'm going to be turning off crossplay permanently and just only being the host from now on without responding to distress beacons anymore. Joining others is too much of a headache with this insanity."
387,Helldivers 2,"The usual monday xD Get up Helldivers, there still a war to win :O"
388,Helldivers 2,"IMO using hover pack requires specific play style in mind. And once it click for you it goes to great strategem.Try using things like Plasma Punisher or Exploding crossbow on all fronts, or with Quasar on specifically bot front."
389,Helldivers 2,"Hoverpack works well with getting high ground compared to jumppack for sniper build. You are using the hoverpack wrong, simple as that."
390,Helldivers 2,"I wish the landing animation was a bit shorter, bit it is still a great stratagem. Use it with the spear gun to take out half a super hive before the bugs even see you"
391,Helldivers 2,"Because the Hover Pack isn't meant to be nimble like the Jump Pack. But something you use deliberately to gain a height advantage on your enemies. It requires more situational awareness then the Jump Pack. If you use it carelessly when you're already being swarmed, of course you'll die on the landing.Jump Pack can get you out of a bad spot when you're swarmed.Hover Pack can get you into a great spot where you won't be swarmed."
392,Helldivers 2,They made the landing animation way to long on the hover packThe jump pack you just land right away while the hover pack takes almost a full five seconds to land with most of that time used on the last two feet
393,Helldivers 2,"If the landing animation is way to long for you guys, just drop the backpack while hovering, it will indeed make the landing part alot faster... not smoother though"
394,Helldivers 2,"This would actually be great tech, if the Jetpacks weren't coded to fly off on their own, if they're dropped while active."
395,Helldivers 2,"""A poor blacksmith blames their tools"""
396,Helldivers 2,"Yes, the landing time was too long, but what confuses me more is why I can't check map."
397,Helldivers 2,Hover pack and grenade launcher excellent support pair for bugs and illuminate.
398,Helldivers 2,What tool? The tool that is made by woke people with clear history of dumb decisions?
399,Helldivers 2,"As somebody else stated already, you're using the tool wrong, you'd be much better off using the regular jetpackAnd stop using ""woke"" as some sort of salt & pepper spice for your word soup, it has nothing to do with the design of the hoverpack"
400,Helldivers 2,"We just randomly calling things 'woke' now? And please take the time to actually try something out more than a couple times before going to the forums. Most things in this game are good if you find the right situation for them, but nothing is really meant to be good all the time in every circumstance.If you are using it against bugs, you better be using it to get to high ground cause the jump pack is better if you are trying to run away. Though I do love flying with the flamethrower even though it often gets me killed landing in my own fire. What they honestly need is more control over how long it flies - like a way to cancel it if you misclick so that you can also get your fuel back quickerHover pack really shines against the illuminate where you can get high ground pretty much anywhere cause they are all colony maps - perfect for sniping the scouts without pressure from the ground units"
401,Helldivers 2,Some aspects are easy and everyone will have a different opinion on how to deal with that. Personally I didn't enjoy bullet spongy enemies when all of our gear was nerfed and I don't enjoy fighting Illuminate for the same reason. Most weapons needing to dump a magazine to kill one target isn't my idea of fun (or difficult.)What I do love is when the spawns go ape during a mission and all of the sudden the team is getting hammered by an armor column backed by massive enemy units.
402,Helldivers 2,"Hmm atm I won't say too easy or too hard just yet, we're missing 1/2 the faction(I'm actually not looking forward to the stealth dudes{ I'm married, and don't play sober ; I have evolved to a higher state of being, and ignore audible cues) I suspect the spawn rates are a little high at mid levels and a bit low at higher levels.  But any tweaks should probably wait till the rest of the band shows up.  We just have the Base and drummer atm"
403,Helldivers 2,Saying too easy or too hard is useless when you literally control the difficulty.  Its your choice.... you're the one doing it.
404,Helldivers 2,"It's a fair criticism. Maybe the Overseers are a bit too tanky for the very many that can appear. For me personally, I think the Illuminate were introduced very well for the last few days they were added. I look forward to what the future content is gonna be."
405,Helldivers 2,"I'm flat out going to say, I preferred the game prior to the whole mass buffing and crippling of half the enemy roster.There was a lot more need to specialize, and play cooperatively. And if you played cooperatively with four players running specialized loadouts even difficulty 10 was very viable to defeat consistently.The reason people struggled so much is purely because they would try to one man army. There was no usage of squad tactics or any sort of cooperative play and everyone failed to specialize. People failed to use stealth or any sort of strategy to complete higher difficulties and then they started to complain about it being too hard.Weapons that were too strong got nerfed, and then the playerbase continued to whine whine whine and now we're here.It's not terribly awful. But I have not failed a single difficulty 10 in recent memory. There is never any threat of losing a mission and the game has lost it's stakes.I can run around with a one man army loadout on my own, and be completely fine."
406,Helldivers 2,"The game shouldn't be balanced around or cater to the 1% or so players that think it's too easy, this lead us to the 60 day plan that basically put the breaks on content and had player numbers in free fall. I can solo D10 but that doesn't mean the game isn't fun, you just have to stop playing it like a competitive PvP game. No one gives a sh*t about someone being good at a video game anyway, if your self worth is based on that you need a hobby or a life in general.We do need some progression and new ways to play the game though so people can rotate between game modes and burn out less. Even with the squids the game hasn't fundamentally changed.Back to difficulty: RNG in regards to enemy spawns has a huge influence on if the game is easy or not. I actually think the game gets easier in D9 and D10 on bots and bugs because the amount of heavy units there often times eat up the spawn budget of the small enemies that call in bot drops and bug breaches. Especially on the automaton side you often get single tanks where you just shoot one shot and move on (laughably easy).The game in many regards is a knowledge check, once you know all the tricks like how to properly space enemies, where their weak points are and have prepared for it, it's rather easy. Especially in a team where you have near infinite eagles to constantly overlap and blow everything up.If Arrowhead really wants to make the game harder and more fun at higher difficulties, all they have to do is crank up the spawn rate of small enemies. That way people have something fun to do (shoot stuff) and those small enemies will wear down your health and supplies while not feeling like you can only play if you have an AT weapon.And for super sweatdivers I propose a booster that will lock a stratagem slot, if you have a team of four, take that booster four times and only do a primary / secondary only self found run. Give players a choice but make it so that you can only take that booster in private lobbies."
407,Helldivers 2,"And never forget, like i said in another thread, you dont have to believe random anonymous internet guys who claim D10 missions to be easy when they play solo with their eyes blindfolded (without, and that is the funny part, ever showing a video proof).I am the real santa claus. I only work 1 day in the year and deliver 4 billion gifts to the children all over the world in 24 hrs with my time-bending, lightspeed, rendeer-powered sled. Yuu dont believe me? I am a random internet guy claiming ridicolous things in a steam forum."
408,Helldivers 2,"Honestly, it feels like eventually the game-play just ""clicks"" and suddenly you're able to solo super helldive. The bots do not feel easier, they still throw hordes of hulks and devastators at me but I have gotten really good at killing them off or avoiding them.Game's not too easy, the skill ceiling is just very high."
409,Helldivers 2,"Yeah agreed, shouldn't need to be more frustrating than fun ever, no point in playing a game if all it is is hard for hard sake for the sake of the .000005% of the player population globally.  That's the thing that these tryhard glazers don't get, they are the minority and always will be, sorry we're not all gods like you apparently, to say otherwise just shows their ignorance.Example those regular troopers the ones with the caster staffs, OP flat out without question.Once they melee you you're 100% dead because the followup animation has ZERO windup and no cool down window so they knock you down then while you're down unable to get up because AH is VERY smart, they melee you and OHK you.  This is not fun at all and anyone with half a functioning braincell would have seen this nonsense during testing and listed it as something to balance properly.  That fact doesn't speak to kindly about how good AH is at their job.The zombies... yeah again point blank shots to the body, face etc. they just eat it all up, mags worth for a single small hoard of them, should not be the case.  Especially when we can just kill the normal Citizens with one or two shots anywhere on the body during the evacuation objective.  They shouldn't be more durable than their regular counterparts if you are going to put that many in and spawn them in mass groups infinitely.The hovering guys, yeah way too many shots from Medium AP weapons or even HEAVY AP weapons designed to kill tanks!  Requiring more than 1 AMR/AC round to the body or face is far too much, but to require 3 or 4 shots?!  Nope you guys clearly didn't play test this.  SM2 was bad because of how spongy every enemy was and how weak our weapons are, this game continues to go back and forth and most of the time backwards in weapon damage and forwards in enemy durability.  Meanwhile we continue to lose durability, still hate having brittle bone disease ever since they change our limb health to nothing.The Tripods (no I refuse to use any of the ingame names because I don't care) can tank all 6 rounds from your backpack from the RR... HOW?!  Oh just aim for the spindly legs or the very small hitbox on the joint next to the body.  The joints that are right next to the head where you tend to aim and where a large detonation happens... again OP and just way too tanky, period."
410,Helldivers 2,"I would say give people what they will play and (hopefully) pay for, they tried the uber sweat diver route and dropped to sub 5k daily. this is the new approach.  Not saying it's better, but it does draw more players and arguably more payers.  For awhile they were competing with Starfield for most underwhelming game of the year.  They at least dodged that bulletIt's just not a serious enough story/world build to draw from soft type players.  Work with who you brought to the dance not who you fantasize about."
411,Helldivers 2,Never heard anyone complain the game is too easy or too hard. I have now heard someone write a long post complaining people are complaining.
412,Helldivers 2,"it getting super easy. before fabricator nerf and all those buff, game play is more exciting and fun. I have to snipe down fabricator with eruptor from distance to avoid detection or consider different strategy. Now if you get enough elevation, you can snipe down every fricking fabricator from one spot if they are not block by terrain with las cannon. That kind of boring."
413,Helldivers 2,"People complaining about it being more fair, not easy just more viable now, are the same people who loved when there was such a low player count and they could stroke their egos harder than their *****"
414,Helldivers 2,"the game IS too easy at 10. but no , i don't want any weapon nerfs , i want a giga bile titan of death, stalker boss, ultra heavy tank and more world ending ennemies, well crafted and polished ones not like the buggy reskins they released at escalation of freedom"
415,Helldivers 2,"It actually is ..I have been spamming them to even make it harder .. make more enemies, though only low tier .. its fun to kill MORE and MORE enemies ..Fighting 10 hulks is not that funny as fighting 100 normal devastators or troopers ..But no .. they just have to remove low tier enemies and swap them for high tier enemies like hulks ..Thats just lame and boring"
416,Helldivers 2,"That't the issue, it felt like you needed specializations on lower difficulties too. Even at difficulty 6 pre-60 day Plan people would constantly kick other people that weren't taking the loadout that they liked. I understand if Super Helldive doesn't feel as difficult anymore, but the way the game was balanced before basically made 5-10 play the exact same with the heavy armor systems.If you are going to flat-out say that you liked it before, I'm going to flat-out say that it was worse, despite those feelings. Since in-depth teamplay and strategy are usually set aside for endgame content in co-op shooters (while the more common cooperation comes naturally), co-op players that were just trying to climb the difficulties would struggle, and those just looking to get their hands on a few Super Samples would similarly have to deal with Sweatdivers that want (and sometimes need) the perfect team loadout.This all being said, I agree that the highest difficulties should force more teamplay, and the 60-day plan basically flipped the game from forced teamplay to very minuscule teamplay. Either way I still think the average player will have much more fun with how the game is balanced today vs the complete lack of loadout options that came with EOF. I also personally find the Illuminate are forcing some teamplay aspects in my games, so I think they understand what you mean."
417,Helldivers 2,It is easy at lv10 if you have a team who knows what's up. It is also too hard on lv6 if you have a team that doesn't know how to play. It only takes 1-2 players to drain your entire team's life pool and fail a mission. Difficulty is always subjective and pointless to talk about.
418,Helldivers 2,"I'm flat-out going to say, the majority of the player base preferred the game prior to the Escalation of Freedom update to the mass nerfing and crippling of flame weapons. They also added super heavy recoil to the flamethrower in addition to making it useless. Even more, released a flame weapon-themed Warband. Can you elaborate on what you mean by ""crippling of half the enemy roster""?No. The reason people ""struggled"" so much was because some weapons were better than others and the very numerous heavy enemies require a 'meta' build in order to deal with them; you would need nearly every member of your team to be using some form of anti-tank because It could take multiple rockets just to down a single bile titan for example, and when there are 4-5 at a time, you have to keep running and players likely get separated in the chaos. Your two sentences just translate to ""skill issue"" when that was never the problem in the first place.Nice straw man argument.My dude, saying that we were complaining that ""the game was too hard"" is such a dishonest conclusion and dismissal of the actual legitimate complaints people like me had over the insane list of nerfs before and after Escalation of Freedom. The game is objectively better since the September 17th update and has a good vision for the future.The only weapon I agree that was ""too strong"" was the Breaker. Everything else was not. Players were complaining about the mass nerfs because that's all Arrowhead did. And they were spreadsheet-nerfing weapons in order to encourage players to use the less popular weapons instead of making them more powerful in order to compete with others like the breaker incendiary, for example. You're getting pretty condescending, so I'm going to stop being nice now.To this day, people like you continue to whine whine whine and now we're here.Press X to doubt. What stakes, samples? Or is there more to this throwaway statement?Yeah, I'm pressing X to doubt. When people make statements like this, it usually means they are just trash at the game and feel some kind of sense of accomplishment to brag to random people about ""how good"" they are at the game when in actuality, I'm more confident that they're trash at the game more than I'm confident that the sun will rise tomorrow."
419,Helldivers 2,"If you're currently finding difficulty 10 too easy, I strongly suggestthe difficulty.  Why?  Because people on super helldive tend to know what they're doing.  Trying to complete a lvl 4 mission when someone triggers 20 patrols and drags them all to where you're trying to load a mortor site is harder than completing a lvl 10 Helldive with 3 people who all pull their weight."
420,Helldivers 2,"As someone who plays just occasionally as a ""casual"" in this title, I agree I can get to difficulty 8 on bugs lolHowever I think if people want difficulty they just need to make challenge difficulties for that group of people not hit us all across the board. Give them want they wantBut don't force it on the entire playerbase, and challenges can vary from modifiers yiu apply optionally, to harder weekly or daily missions.A fun way mass effect e coop added diffi ukty was actually a mode where you could randomize all enemies into a wave lol so in HD2 case you don't just fight ""bugs"" or ""bots"" but a planet or galaxy section where we interject on the war between them as well and have to fight both bugs and bots or all 3 now with illuminate. Challenge zones if you will between the 2 factions."
421,Helldivers 2,"I'm kinda surprised at how many people think beating difficulty 10 solo is some impossible task and they doubt it. If people are asking for video proof then here's me going through one on bots, cleared out everything but a lone strategem jammer I didn't wanna walk over to, no deaths.The game itself is very easy IF you know the game mechanics and play around them. The game becomes harder when you stop playing optimally and just start bashing your head into things with brute force. The brute force approach is rather fun though, so it's nice to see that the game has become easier so that approach is viable. I don't think it really impacts the people who were already solo clearing max difficulty anyway since it was easy before the buff patch and it's easy after the buff patch. The difference is now we don't have to solo dive because our friends are playing the game again."
422,Helldivers 2,"When you forget the colour and scent of grass, you tend to strive for virtual meaningless accomplishments. Making a game more difficult is one of the many ways to do such."
423,Helldivers 2,"I just want the inner circle of hell difficulty from the first Helldivers, where around 10 chargers would spawn in the waves or whatever it was stupid hard but really fun. Would be great for players who want something harder than level 10. The current difficulties should be left as is but no reason harder difficulties can't be added just like the first game."
424,Helldivers 2,You already get that with Super Helldive plus multiple other variants of heavy enemies. It's just inflating the game with artificial difficulty at this point. What more do you possibly want?
425,Helldivers 2,I would love to see your reasoning on why you think it’s easy
426,Helldivers 2,I mean it's kind of easy.
427,Helldivers 2,"Not really, Inner Circle of Hell was way more crazy with the heavy spawns that HD2 is currently. It would literally spawn so many heavies that they could bridge your entire screen and form a wall. That being said, In Helldivers 1 heavies also generally died easier to the AT options and offensive stratagems, so they could afford to treat them like glorified chaff units without it becoming a slog since you could quite literally mow them down with airstikes and even some support weapons like the Rumbler.That being said, I don't think this approach to higher difficulties would work as well for HD2."
428,Helldivers 2,THEY WILL ADD ATLEAST 5 MORE DIFFICULTIES
429,Helldivers 2,"I'd imagine so, the original had 15, so it only makes since this one will as well. I hope by the time we get to the last one, things get really ridiculous with what they throw at us."
430,Helldivers 2,very well put. I ♥♥♥♥♥♥♥ loathe these people
431,Helldivers 2,"Did your game disconnect and did you rejoin? I notice the missions change when that happens. I assume it was to catch an exploit where people would go into a mission, find some super credits, alt f4 and then go to the same exact mission and the super credits would be in the same exact place. Otherwise, if it is happing mid selection, idk what is going on"
432,Helldivers 2,"It's a known issue at the current time. Your mission and planet are not guaranteed to be the one you selected, and you're not gonna know until you pop out of the hellpod."
433,Helldivers 2,"AH had to announce it alongside GW during the skull throne (or whatever it was called) event so it was lot earlier than they would have liked, I imagine.Towards the end of the year is a possibility but there's been no word so far."
434,Helldivers 2,"As a reformed W40k ex-addict, I don't even get why there is so much anticipation for this slop bond.Do you honestly think it will be good? The previous two ""legendary"" slopbonds are twice more expensive and worse than normal warbonds while at the same time, the majority of W40k licenced games are terrible.There is pretty much zero chance this will be good."
435,Helldivers 2,"nobody cares about stats, all about drip"
436,Helldivers 2,"Yeah ok, I need a bit more than coametics though."
437,Helldivers 2,I'm just not sure what I expect out of it.Please armor that doesn't look like garbage and no primaries unless they're customizable.
438,Helldivers 2,Yea the Killzone one was a mess in how it was released and the Halo one was rather generic considering they had a lot to pull from in that universe. I have little expectation now for the Warhammer one.
439,Helldivers 2,"Pretty much, the only thing I use from KZ slopbond is the helmet, from the Halo slopbond, I've used nothing more than twice.I am not even sure I'll get the W40k slopbond despite having 3.1k SC right now. The cosmetics would have to be absolutely amazing for me to pony up because the primaries won't have customisation."
440,Helldivers 2,"patience is not a virtue is it in this community like they announced a war bond that obviously is expected and everybody and their mother is the next day where is it where is it oh my God where's the war bond, I want to make people aware they never said a date, I don't understand why people can't grasp that.mind you this was before the campaigns were added that they never announced when that was going to come out but you know you'll have to be impatient because you think it's going to give you something that you already haven't seen.I hope you all know that we're most likely going to get is the cadians and the krieg I mean even at this point people who aren't into Warhammer know who loves to factions are they're nothing new stop getting excited for 5 minutes, please consider being patient instead of being disappointed because they will give us those two factions and nothing more.if for some reason they don't give us both of those two factions I'll eat my words but I can almost guarantee you they're going to go for the most basic factions in Warhammer that everybody and their mother and grandmother will know so calm the heck down."
441,Helldivers 2,"I know they never said a date mate hahaha I was just asking if anyone knew anything new mate, how pissed in your soup. chill hahah you seem more up set about it then me. It was a small question I don't need an essay of an answer. I wasn't even asking for a date, I was asking if anyone heard anything new about it. Dumb as hell TheRebalGreaser"
442,Helldivers 2,"you know you could at least spell my name right and now I'm not dumb like majority of the community thank you I actually can use common sense and have patience we're not going to get anything new for a very long time and I could care less about the war bond because I can guarantee you it has nothing to do with the catachans, the only faction should be added via the war bond personally.I'm just tired of people constantly talking about a war bond that has no new information at all so again patience is a virtue."
443,Helldivers 2,"Fair take. AH had to announce it ahead of schedule because GW controls when they want it to be revealed and they have decided on the Skulls event.Keep in mind GW thinks a like differently from other IP owners. They are a tabletop miniatures company, not a video game company. Any games that uses their license is basically just advertisement for their products.And they are also notoriously hard to work with when it comes to how they want their IP to be portrayed. Every minute detail has to approved by their team down to the measurement between the rivets on the armor.But most developers put up with it because it grants them access to a HUGE marketbase of fans with big disposable income (their miniatures are freaking expensive)."
444,Helldivers 2,"There are kriegsman and guardsman models that have appeared in leaks, as well as something looking like an autogun.Models are basic but recognizable, textures are not yet present.It's still cooking."
445,Helldivers 2,from what I heard those weren't exactly 100% true at least the models that were shown and even if those are the ones that they are bringing how boring that's exactly why I'm not exactly personally excited and do you mean the lasgun because that's the basic imperium weapon that is no better than a flashlight by the way because it's one of the worst weapons in the imperium funny enough even the cadians recognize it's nothing more than a glorified flashlight.
446,Helldivers 2,"Bruh, the lasgun is strong enough to handle most of threats on the human empire. It's only the ""worst"" against the 1% of xenos because the 99% has been eliminated by them."
447,Helldivers 2,"1. Periods, please. You got on to someone for their spelling, you could at least try not making a run-on sentence. We learned this in 3rd grade.2. Have you played Darktide? Those Lasguns put in work. Able to kill even a tanky enemy fairly quickly. Sure, they struggle against monstrosities, but for 95% of the game's roster? They're perfectly serviceable. I'm expecting it just to be a scaled up talon with twice the heat capacity and maybe 20 more damage, if the Hyena is anything to go by."
448,Helldivers 2,"okay I guess but in any case I'm not talking about in games I'm talking in lore in games they actually make it where it's usable.in the lore of Warhammer it's absolute garb I mean there's a reason why they die so often that's part of the reason never mind the enemies they fight, also realistically all I'm saying when it comes to both of them is if that's what we get that's kind of boring because everybody and their mother and grandmother at this point knows who they are I would go for something more unique.there are plenty of examples my favorite is the catachans not many people know who they are, more realistically if they want to which they want they could break it up in several war bonds and put a handful of different units from warhammer to a piece of everybody but they won't because that would be too easy."
449,Helldivers 2,"Lasguns are fairly powerful. It's just the mainline foes are more durable than the lasgun can handle. It'd be just fine in Helldivers 2.Also, Catachans aren't niche or some hidden rare faction people are unaware of."
450,Helldivers 2,"you would be surprised I mean they are more unique than the cadians plus they would make more sounds I mean they are commandos after all we are special forces, well kraig and cadians are more Frontline infantry, fair but I'm just going off but I know when it comes to that weapon if they make it like the sickle that's fine.I did kind of mod the sickle to look like the lasgun what's the audio given they are client side mods for that."
451,Helldivers 2,"They literally have current rules and models in the tabletop. They have an entire datasheet dedicated to them. Ironically, if you want a niche imperial guard faction. You'd look at Armageddon Steel Legion. With no rules, no models, nothing beyond Yarrick. Despite Armageddon being the editions themeMy thought for the weapon is basically a medpen sickle but with cartridges instead of overheating"
452,Helldivers 2,"Double checked, thought it was an autogun at first glance, but it definitely has features from both the Galaxy and Kantrael patterns. Mag and magwell look like they're from Galaxy, but the top of the weapon and barrel shroud are much closer to Kantrael pattern."
453,Helldivers 2,yes I understand that and I get they have rules and all but for the player that doesn't know much Warhammer they're unique because I'm going to be honest with you even if there is people that have no or very very little knowledge of Warhammer they know who the cadians and Krieg are.it wouldn't necessarily know the catachans I mean there is a chance but unlikely if they don't know hardly anything but know the very very basic level information.
454,Helldivers 2,honestly that's understandable I mean if I'm being honest they would pick the lasgun especially for the helldivers because a bolter is a possibility since they do make smaller ones but a lasgun would be more appropriate.
455,Helldivers 2,"Later this year, patience please."
456,Helldivers 2,Also makes sentries largely useless. They won't shoot at anything further than 10 feet away it seems.
457,Helldivers 2,"The issue is equally concerning and disappointing, however r/helldivers is community run and is not connected to AH."
458,Helldivers 2,what you saying ♥♥♥♥ me for?
459,Helldivers 2,Lol why you spend the last 5 hours reading about that? You could have just watched like a 10 min video from OhDough.
460,Helldivers 2,The subreddit is also monitored by two people from ArrowHead. You can search the moderators yourself. Unfortunately I can't attach images.
461,Helldivers 2,You're putting far too much emotional investment into this.
462,Helldivers 2,"""Food tastes better when you cook it"" ... in this case it was rotten btw"
463,Helldivers 2,"I thought the same thing when I wrote this message, but I wanted it to be genuine. This situation is terrible for the entire Helldivers community, but also on a human level. So I wanted to say what I really thought without caring about the judgments."
464,Helldivers 2,"I wish we could still give out clowns.That happened on reddit, not here."
465,Helldivers 2,"The developers are just clowns , this charity started because the game had a terrible balance, and all they did was copy and paste a standard damage control message in Discord"
466,Helldivers 2,"""YOU"" who?"
467,Helldivers 2,"Yeah you’d better leave the game and never look back at this community.Nah, ultimately you won’t. You people thrive on this supposed outrage, nevermind the fact that this an issue that happened in a forum cesspool that AH has little to no influence over, and where their devs get verbally abused and threatened at with regularity. But that never trigger any outrage in the inconsistent hive minded pleb mob. The anonymous-poster-told-me-sos is a much better thing to invest in so that you can feel emotionally alive, like real people.AH doesnt deserve you people and you definately dont deserve AH. Make of that what you will."
468,Helldivers 2,this! take your Reddit drama and go back there instead of annoying people who have nothing to do with these things.
469,Helldivers 2,This!
470,Helldivers 2,Wait what exactly the guy did that somehow enraged people so much they leaked his personal info and how could he have lost his job over this?
471,Helldivers 2,AH is part of the moderation team.
472,Helldivers 2,Glazer spotted.
473,Helldivers 2,"Another glazer, same speech as the others. i'm starting to believe we face bots."
474,Helldivers 2,If this causes you a psychotic episode then it's YOU who needs help. This has gone from one person being doxxed to inluencer leeches farming money from gullible people with drama.
475,Helldivers 2,"Reddit rules explicitly forbid companies from moderating their own forums. They have mod privileges for posting news, nothing else."
476,Helldivers 2,Isn't that just so that the companies have to pay intermediaries to have a presence on the site?
477,Helldivers 2,Reddit was a mistake.
478,Helldivers 2,"Not exactly, the are given mod status by the sub's mod team simply to bypass the spam filter when posting announcements in the sub. Fact is, Baskinator & AGS don't do any moderation in the sub."
479,Helldivers 2,There is a good reason to keep your online profiles private. I've been doing this for years. There are many low lifes that might try to engage with you. Usually they cry out loud when your profile is locked and I find it very amusing.
480,Helldivers 2,The point still stands. Whatever they say is God's unfiltered truths to the glazers and only a few words in private or public would more than enough to clean reddit.
481,Helldivers 2,"You guys my foot, i dont even care about reddit... not my ♥♥♥♥♥♥♥ business im just playing the game."
482,Helldivers 2,"I rarely look at Reddit for anything, specially gaming. Considering bots and fake accounts are in masses on that platform."
483,Helldivers 2,"Hope you get some sleep, the situation is truly screwed up"
484,Helldivers 2,"Welcome to the real world OP. Yes people are horrible creatures. They will put a label on you (like glazediver or whinediver for example) to dehumanize you and then they will do you harm the moment they get a chance. They will think of themselves as heroes while doing it too. Afterall road to hell is paved with good intentions. Your safety is your own responsibility and no power in the world will protect you from your own bad descidions so always keep these things in mind. And yes, I agree with Strobe: You're putting far too much emotional investment into this. For every such story that you see there's a thusand similar stories happening that you do not see and a million that are far worse. It's just how things are, always have been. Don't take it to heart, it's unhealty. Don't loose sight of what's actually important: your well-being and well-being of those who are close to you. Others will manage without you just fine."
485,Helldivers 2,"Listen here, mister cynical.None of what you just said justifies that we would let go of this situation. It must be settled and not in the glazers' favor. We require change to move forward or nothing will get better and helldivers 2 will die. Arrowhead, by letting this slide as much as possible only gets less future customers for their next game.YOu and I sensibly have the same number of hours poured into HD2 and I get it we must have been there for the same in game events, mostly major orders, from the Creek to today.I don't know about you but with this insane situation, I am not inclined to buy anything else coming from AH, what about you ?Will you just leave that behind and let the glazers have their way, keeping us hostage of whatever violent or harming action they might take when WE are the next ones to displease them enough ?"
486,Helldivers 2,Local idiot admonishes all knife owners because some loser somewhere else attacked someone with a knife.
487,Helldivers 2,"Did you do multiple tries, or are you basing it on one-off observation bias?"
488,Helldivers 2,"Are you shooting from the same angle everytime?  Is the enemy standing perfectly still?Then you haven't accounted for even half of the ♥♥♥♥ you need to accoutn for.   In other words, stop worrying about things you don't understand."
489,Helldivers 2,Has the bridge troll awakened?We had much worse bugs in the game in the past. I would not be surprised if they did some stuff like this (may or maybe not on purpose).
490,Helldivers 2,"asuming this was a mechanic which purpose would it fullfill?game design, like any other built mechanic follows intent.the most likely answer is that one of the shots was a bit of the mark and hit one of the armored areas instead, for example one shot could have gone to far to the back and hit the butt armor."
491,Helldivers 2,"It may be just caused by lag, bad netcode, just a bug or them trying to manipulate the feeling of the game like its usually done in 1st person shooters."
492,Helldivers 2,"You're talking about using explosive weapons against targets that specifically have Explosive Damage Resistance.""This mechanic, known as Affected By Explosion can only occur once per explosion, regardless of 100% ExDR parts hit, and the explosion's armor penetration must match or exceed Main armor to deal damage to Main. However, if the same explosion has already damaged Main, this mechanic will not trigger.""Key words? 'Same explosion'. If you're using multiple Recoilless shots or layering AC explosions, the ID from the explosion is likely going to be the same.Which means there is a very high chance that the explosion portion of damage is getting removed with simultaneous inputs, or sequential inputs being classified as simultaneous due to lag.For explosions to function, they also have to do a raycast at the point of origin.These raycasts are taxing, and will not run at the raw server tick rate.The regular Autocannon can fire 3 rounds per second, but the Mech AC fires nearly 6.If you're actually losing half of those rounds when rapid firing, then the tickrate for explosions is about 3hz, or a window of 0.33 seconds per explosive damage instance.Testing the damage window, as well as testing simultaneous explosions from different sources will likely give some clarity to the issue."
493,Helldivers 2,"great explanation, thank you sir o7"
494,Helldivers 2,"In the first scenario it sounds like people arehitting separate bodyparts that are eating the damage rather than focusing on a single fatal bodypart or one that transfers damage to main.In the second scenario it sounds like recoil is causing the player to miss shots, leading them to mistakenly feel as though they're hitting more but doing less damage.Ultimately without replication and clearer examples, there's no reason to assume there's a complex secondary mechanic that negates simultaneous/repeated damage.As two counter examples,1) I have shot a factory strider with an EAT at almost the same time as a friend did and killed it, thus negating your first example.1) If you shoot a Fleshmob with a bullet storm, it dies at the speed/bullet count that you'd expect, thus negating your second example.edit - I can't read. Clarified."
495,Helldivers 2,"Could be that the Bile Titan flinches and makes the other shots miss or hit a tougher area of its body. It would also explain why pacing your shots is more effective, since then you wait out each small flinch."
496,Helldivers 2,"Reading is hard for you, isn't it?"
497,Helldivers 2,"Apparently yes, although my point was more that hitting incidental bodyparts can eat damage."
498,Helldivers 2,"if you totally disregard OP's premise that the exact same damage is causing different results by timing, and then applied this to an enemy that ISN'T coated in parts that are 100% damage to main with no overflow cap, that might make more sense.The only parts that can truly eat a Recoilless shot on a Titan are the sacs underneath, and they can only eat 1 each, once. Everything else refers damage to main with no overflow cap, including the dumb little claws that block headshots.... with the exception of the butt. However the butt is still 100% to main and is fatal after 3500hp... so the butt overflow cap isn't saving the Titan in this instance in terms of either incidental or repeat hits."
499,Helldivers 2,"Yes, which is why I added the caveat in my initial post of ""Ultimately without replication and clearer examples, there's no reason to assume there's a complex secondary mechanic that negates simultaneous/repeated damage.""Occam's razor applies here. The situation requiring the least amount of assumptions here would be user error."
500,Helldivers 2,"OP hasn't ♥♥♥♥♥♥ game mechanics time and time again.Arrowhead has, from noclipping enemies to floating torsos to broken fire ticks.So you can postulate a ""complex secondary mechanic that negates simultaneous/repeated damage"", but I'd have to postulate that you're being disingenuous when the simplest explanation is in fact a broken damage mechanic, specifically relating to broken ticks.Like how fire and gas ticks were completely broken by AH previously by changing the tickrate and totally breaking the DoT's for clients in the process.Occam's Razor is about simplicity. Not being completely blind to the past.You could be right though... but I don't like you. ♥♥♥♥ you."
501,Helldivers 2,"Well, not much discussion to be had if that's your attitude."
502,Helldivers 2,Same cant get past 5 maybe softlocked because I did a level 8 mission?
503,Helldivers 2,"Been happening to me too along with massive amounts of teamkilling and ""Chaosdivers"" coming in to blow people up repeatedly"
504,Helldivers 2,Only you can host your own game kiddo.What other people do is up to them. Dont like it? Host yourself. Think other people should do what you want? Host yourself. The power is yours anytime you want it son.You dont walk into a public library (at all id assume lol) and start having a hissy fit because other people are there reading books you dont like.  Makes you look like a bit of an idiot. Take the book you want and leave other people alone.
505,Helldivers 2,"I understand your point about hosting and he should host.BUT, your library example makes no sense and is a false equivalency given what the host is complaining about (being removed at some point in a match)"
506,Helldivers 2,"This will always be a thing if it continues to be passed down, similar to the red orbs at exfil. It is funny to see certain things passed down and how the community evolves over time.Don't blame the new player, blame the teacher.Now that we've established these are learned traits--Every host is different. I personally don't like to host. It changes how I like to kite/flank/funnel/box/ juke / and fly, and most divers don't know what to do with a good kite line in combination with the terrain/map. I'm guilty of kicking when not in the mood for teaching.Once you are able to see certain 'learned traits' in other player(s) and the host, you can then adapt your play style. I'm not saying this is the only solution, but the one I use. Rarely do I get kicked. Usually at the loadout screen. 2/100 games or so.According to the information you have given, one must assume your 'play style' isn't matching with said host."
507,Helldivers 2,YOU MEAN THE IDIOTS HERE THEY DONT PLAY  !
508,Helldivers 2,play far betteryou meat players instead of  typers
509,Helldivers 2,meet:s
510,Helldivers 2,clearly not the issue
511,Helldivers 2,Look the little drunkard is off the rails again.
512,Helldivers 2,"1) If you're getting kicked as you're boarding the pelican all you're losing out on is potentially samples, the bot head/terminid egg and 150xp for the 3 other divers you're extracting with.2) It's possible you're getting kicked to make room for a friend who is joining.3) Isn't ""didn't make the cut"" what the game types out?"
513,Helldivers 2,"Not sure on the last one, but each time its been one of the other players to say it in chat, if they want to make room for a friend that's fine, just wait until we get back to the ship and id be fine with that."
514,Helldivers 2,"just got done with a match where some dude was team killing the whole match, was silly. Still won though, ez carry."
515,Helldivers 2,RIP his liver
516,Helldivers 2,I played a match with someone whose answer to every situation was cluster bomb. Still won the match. Kick-happy hosts are unreal. I blame the schools.
517,Helldivers 2,"It takes no time to say so. I've had people tell me they have a friend that's about to join, it took them two seconds and took me five seconds to quit the game."
518,Helldivers 2,turn off crossplay to decrease odds of this happeninig
519,Helldivers 2,ive never had crossplay on
520,Helldivers 2,"Weather events like Sandstorms, Blizzards, & Exo Storms, effect the sentries long range targeting dropping it down to around 10-15 meters & they only wake up once a player shoots something or takes damage."
521,Helldivers 2,"Also, if you run the smoke hellpod modifier this will interfere with turret targeting until the smoke clears. I believe this only affects direct-fire turrets and not mortars."
522,Helldivers 2,It makes sentry guns about useless in Exo Storms since the storm is constant from start to finish.
523,Helldivers 2,agreed. that and bot small rockets should really not knock if back much if at all
524,Helldivers 2,"Orange glowing ones & the ones that make smoke clouds, yes.Don't get me started on how they can hit you in the air while being ragdolled & also can hit you as you come around the side of a rock or building, it's almost like they have Inurgency Sandstorm Ai beam like accuracy & predictions while having a lock you on like the Leviathans (through anything)."
525,Helldivers 2,"if the puffballs don't send you into the next county, that's where I draw the line. those were the OG fast travel before the FRV."
526,Helldivers 2,"It definitely doesn't make sense. I can dive into 4 mines on-foot and remain in place while taking minimal damage, but if any part of the FRV catches one its pretty much game over. Back flip, barrel roll, suddenly balancing on 2 wheels... etc."
527,Helldivers 2,"Ah yes, I shouldn't forget the puffballs and the bot rockets xd, like rockets would make sense if I was hit mid jump in an FRV, but not when I'm just driving in general"
528,Helldivers 2,Idk why you even writing all this stuff. Arrowhead never cared for players suggestions.
529,Helldivers 2,Because I want to?
530,Helldivers 2,"They do just not ones you guys want lol. Be like ""we want guns and stuff not capes for rewards!"" Gives us a supply FRV, ""WAAH I didn't login in 3 weeks I didn't get it not fair! You guys never listen to players!"" Then they go ""We want more warbonds!"" They go ""ok here you go..."" Players ""WAAHHH no more warbounds till you do updates to crashes!"" Hotfix for crashes ""WAAHH where is our new warbound this is stupid your behind schedule!""The issue is divers don't read what other players post just what they want to read lol And with this many diverse players you never gonna ""make communitee"" happy even fixed all major bugs and crashes in next 6 months people would again cry ""I barely got them you spent to much time on them where is my new warbounds I been medal caped for 8 months!"""
531,Helldivers 2,"Arrowhead absolutely has its problems and they deserve some criticism thrown at them. I can boil my post down to just ""Arc thrower buff plz"" and would have just as much luck being seen by any developer with how diluted with complaints these forums can be."
532,Helldivers 2,AH doesn't read Steam forums for feedback. You're pitching to the peanut gallery.
533,Helldivers 2,Well I will keep an eye out for proof of that statement. Either way when 90% of these discussions is complaints and wishing death on developers yeah they have a good reason to not look here. I doubt they can just ignore one of thier biggest platforms their game is on.
534,Helldivers 2,"Well, they don't admit it at least. We know they engage on their own Twitter/Discord and they're mentioned Reddit comments/complaints before. Steam doesn't even get info posts when something gets delayed.Pilestedt allegedly posted here once, but that's about it. There's a chance they look and just don't tell anyone because they don't want to address the ♥♥♥♥♥♥♥♥♥ lol"
535,Helldivers 2,"Buffing the Arc Thrower is a good idea because honestly, it's not very good. I'd rather bring the Blitzer because it's way faster and can easily hold off a ton of bugs or even deal with fairly big ones."
536,Helldivers 2,Agreed.Yeah the change in the original post would be almost a complete rework of how Arc weapons fire as a whole. Id take a nerf to the Arc Thrower that makes it need an extra shot to kill a heavy enemy but a change that makes the weapon much more fun to use.
537,Helldivers 2,Arc thrower was my favorite weapon around release. Sadly it's just not that amazing anymore.Arc k9dogpack is fun but it kills your allies too oftenArc nades are decent but sometimes they will randomly bounce drastic distances and kill you or a teammate
538,Helldivers 2,"I've always kind of found the arc thrower tricky to use.Not really impossible, but finnicky enough to feel like a handicap in most situations I've spent any time in.It's a bit counter to my playstyle to avoid shooting at or near friendlies though, so maybe it's just not my thing."
539,Helldivers 2,No offense this is a terrible idea. Lets add base building and food and hunger mechanics to
540,Helldivers 2,"Best evidence I can give is how blindsided they are when they get review bombed. They sit in their Reddit and Discord getting praise from the regulars, and if anyone shows up to offer criticism, the regulars pile on, things often get ugly and the critic gets banned.Fast forward to a boiling point and some final straw, review bombs comes in, then AH is on another mea culpa campaign.If you want to give feedback they'll see, hedge your bets and try on Reddit or Discord."
541,Helldivers 2,"They'll just harrass and ban him. It is a waste of time, it's full of glazers. Those spaces cannot take any criticism or suggestions beccause suggestions means game is imperfect and that directly contraditcs their belief holier than thou doctorine."
542,Helldivers 2,"Arc need to stop ""fizzled out"" randomly first.The firerate/dps of these gun is already pretty ♥♥♥♥♥♥♥.We can do without randomly fail to fire from time to time."
543,Helldivers 2,"Some Guy literally gave you a Statement how AH IS reacting to Player Feedback, but you just went past it to throw some generic ""Glazedivers"" Post. All you want is to complain while you think that your shallow Arguments make you look smug and funny.You could have long ditched the Game if you do not like AH and the Community. But you didn't, and you wont do it since you simply lack the backbone to be consistent about what you say.Now go back to your fellow narrowheads and glaze each other with bootlicker saliva."
544,Helldivers 2,"They care so much for player feedback that they still hadn't fixed 90% issues on their escalation of freedom 60 days fix patch plan they issued 2 years ago.How ragdoll doing? Everyone was asking to decrease that nonsense since day 1. Oh right, they added more ragdoll like new spore titan (buy our premium rock steady armor lol)All they do is post promises and forget when their steam reviews score go below 50%.See how they slowly backpedal any promises made to improve the game after summer since review score is no longer negative."
545,Helldivers 2,"Can you base it on actual Facts written down in Patchnotes or Statements that they increased the Ragdoll thing knowingly and on purpose? Or is that just another exeggaration by you, just because you have seen 1 happening in terms of ragdoll in so and so many Games?"
546,Helldivers 2,When i said this a few months ago i got yelled at. The thing sucks balls man.
547,Helldivers 2,"If you looked at how many people actually run the Arc Thrower, it's likely not a lot of people. AH can probably see this, but getting them to buff things is like pulling teeth.Overall I must say I like the arc backpack ""The Powerhouse"" idea, very cool. I would be in favor of them implementing such a new thing. I don't think they actually read these forums though, sadge."
548,Helldivers 2,I want to clarify this statement.Steam is where the majority of their players are.Steam forums is NOT where the majority of their players communicate.
549,Helldivers 2,If I had the power id just delete all these comments talking about the drama and just keep the ones that actually say its a good idea or not.
550,Helldivers 2,"Cool visually, but mostly feel like less enemy-dense eradicate missions with a couple extra button presses. Although they are less of a waiting game than defense missions, so I'd put them in between the two in terms of enjoyment."
551,Helldivers 2,"Better than 'Evacuate High-Value Assets' mission, IMO."
552,Helldivers 2,"beats ""steal platinum"" missions by a mile."
553,Helldivers 2,"I prefer them to the ""wait 10 minutes for 8 missiles to launch"" missions, and they can be a good mixup from typical missions, but they do feel a bit underbaked"
554,Helldivers 2,Imo the spawns should ramp up significantly after activating all 3 silos as a last ditch attempt by the bugs to stop the final activation. Then players have to run past the swarm and do a final sweaty defense on top of the hill.
555,Helldivers 2,Missed out on TCS+ (Had time but didn't feel like it). Watched a video on it instead. Without the horn sound...just isn't the same. My first missions were those towers. I feel...content not activating a lesser version.
556,Helldivers 2,"It's not my favorite, but the XP gain for doing a whole main objective is 25 XP at base. You can destroy a single heavy bug nest and get 25 XP, that's crap.The TCS is a seasonal mission type, so it really doesn't have to be super engaging. It'll be gone soon and we wont have to worry about it until we need to set up TCS 3.0."
557,Helldivers 2,"When we had TCS 1,0, (seems forever ago) these were much much harder.It could be they nerfed the bugs, but i mostly think it because of all the new stuff we have now. Gas sentries, gas mines, flame sentries, each buffed to be way tougher, really takes the sting out of the zerg."
558,Dota 2,Noticed.
559,Dota 2,This post is a legend.
560,Dota 2,"While I love that we're finally getting threads like this, the vast majority of people who get scammed have never visited the forum before.  Check any of the whining threads and 9 times out of 10, that's their first post.So good idea, but unfortunately I'm not sure how much impact it will have.I honestly hope I'm wrong though."
561,Dota 2,i have made this kind of post before nobody listens lol
562,Dota 2,Been lots of threads like this.
563,Dota 2,"It's not only about giving an extra resource for those looking, but also for giving helpful players on the forums a thread to link to if/when someone creates a thread about being scammed."
564,Dota 2,Felix Kjellberg?
565,Dota 2,"Click ""Unsubscribe from discussion"" at your right."
566,Dota 2,"Yeah, so scams. An ounce of prvention is worth a pound of cure.1. Never ever ever put your real birthday (actual day you were born) date on social media2. Never ever ever click a link sent to you via email/smartphone/etc. Open a new browser, type the website in and log in. Often, emails have false links to false websites to steal your login id, password, etc.3. Never ever ever access your steam account or email account from public computers; if for some reason you do need to do that, ensure the browser history, username, passwords, etc is cleared before you stop using that public computer; also make sure others can not see your login info4. Double-check all users in your steam account friends list: often, you can identify 'suspect' users that may attempt to steal/hack your account; a clue is others have posted 'this player steals acct' on that user profile5. Get rid of Kaspersky software, due to suspicions [] of possible links to Russian security services.6. Use a strong password with symbols, numbers, etc and change the password often for your steam account. An additional layer of protection can be attained on steam account and your email account by activating smartphone apps and/or texts to prevent your account being stolen.*Note: (from google search --How long will it take to crack a 12 character password?Nine-character passwords take five days to break, 10-character words take four months, and 11-character passwords take 10 years. Make it up to 12 characters, and you're looking at 200 years' worth of security – not bad for one little letter."
567,Dota 2,"If you are aware of the problem and how they use the flaws in your platform to scam people, highligting the YOU KNOW THE PROBLEM part, you (SETEAM/VALVE) are legally responsible or AT LEAST CO-Respobsible for the scams.You, VALEV/STEAM  will be HOLD LEGALLY RESPOBSIBLE in ANY COURT dispute in pretty much all legal systems existing in country with a developed legal system. US, All Europe and all the major countries in latin america.  Also, countries looking to apply to the EU as Customer Laws and Civil rights are standarized and cover these practices with, inclusively, history of similar cases ruled in favor of the less sufficient part on the quarrel.So, yeah, you can tell everyone you want you are not responsiblae for it, but the law is the law and does not considere waht you said if you haven´t considering legal compliance."
568,Dota 2,Bottom line is: STEAM/VALVE ARE LEGALLY RESPOBSIBLE for most of the cases I followed on  reports and reviews.My professional opinion is: Just give these people their sutff back and simply block those sites from your (STEAM/VALVE) platform.
569,Dota 2,почему не заходит?
570,Dota 2,"Ok, I normally don’t jump in the fray on these types of discussions, but this is so far from fact, it irritates me.One, the Steam Subscriber Agreement clearly defines the account as your and you are ultimately responsible for the items associated with your account. If you have anything that contradicts that, provide the law firm you used as counsel and the supporting documents.Second, they are not even close to being responsible for the actions of a lot of greedy people who are trying to take advantage of people using an open API. They have been issuing cease and desist letters to the web host providers to be shutting these sites down but, going back to my previous point, you need to have some accountability for your actions. If you dump your items into those sites, it’s on you. Not the script kiddie who spent thirty bucks on the site all together. Valve has been taking action. You need to be equally aware.There’s a bunch of other legal terms you jammed in there that, quite frankly, wouldn’t hold water in ANY court. If you really think that you have merit, let us know. But good luck, because you’re going to need it."
571,Dota 2,]This is YOUR OPINION.. What laws (Civil Law Based System) or cases (Comon-law Based Systems) did you based your response on:
572,Dota 2,"None. I read the readers digest version of the thing I clicked “I Agree”.I would love to see your evidence though. As I mentioned, provide the law firms you discussed your issues with and supporting documents."
573,Dota 2,интерессно
574,Dota 2,хорошо
575,Dota 2,Yeah ... I already showed mine: The law. And in Countries like Brazil any contract that you do not have a chance do discuss is automatically invalid. They do this with banks in Brazil.. .so .. Imagine what a gaming company can do .LOLOLYeah .. but again .. as I don´t work with OPINIONS ... just talking to you is futile..So .. . cheerio .XXX
576,Dota 2,"I read your post and, again, you provided no evidence of any cases. No precedents set by any court system in any country.Shouldn’t be too hard to provide, right?"
577,Dota 2,"Ok, so you don’t have any precedents to support your argument. Got it.Thanks. Bye."
578,Dota 2,у меня обнова грузится-срок 2 дня ...что за фигня?
579,Dota 2,у меня она начинет запускаться и сразу выключаетсяне качай пока что смысла нет у многих такая фигня
580,Dota 2,запускается и сразу вылетает!!! что за фигня?? поиграл блин
581,Dota 2,я думала это у меня что-то с компом
582,Dota 2,Ez Dota gg game
583,Dota 2,I need friend add friend me
584,Dota 2,"I can give some of my experience about dota.moneyI used it twice.It works like that:You sign in with your steam account.You search for an item on the right side at the search box.You see the price of it (usualy higher then the normal price).You reload the left side so you can see you tradeable items with values AFTER you set your tradelink.You add your items on the right side to get the price of the wish-item.If the value is the same, you can accept it.The bot sends you a tradeoffer.Check the tradeoffer if everything is correct.Accept it and enjoy your items.That's how it worked for me."
585,Dota 2,You're missing the entire point of this thread Aspire. It's to warn you that these sites are not authorized by Valve to function as they are.These sites are using Steam's open API and not adhering to the API terms. It doesn't matter if it works or not.
586,Dota 2,What is APN?
587,Dota 2,Maybe you are right. I just wanted to share my experience with the others.I didn't say they MUST use it.Some think about using it and I said what I did there. It is their choice if they wanna try it
588,Dota 2,"Дружище, я понимаю твое негодование, но оскорблять компанию не совсем корректно. Очевидно, что никто из разработчиков не будет специально портить игровой опыт, соответственно, они что-то делают для его улучшения. Если у тебя есть исследования, которые объективно доказывают, как ты говоришь:1) Оцениваешь разработчика2) Количество игроков в игре (на каком ранге, в каком регионе, в какое время и т.д.?)3) Как ты оцениваешь баланс, в чем это выражено и где, при каких условиях4) В какие моменты и как ты оцениваешь работу серверов, каких именно серверов?5) Как ты оценил качество подбора и порядочности, опять же, хотя бы где?6) Чем подтвердишь влияние на коммуникацию игроков и влияние на порядочность при винрейте выше 50% и почему вообще винрейт должен не снижать порядочность, и как именно винрейт может оправдывать непорядочное поведение игроков?7) Что значит выражение ""игра вымирает""? По каким критериям ты оцениваешь данное обстоятельство, например, по выручке компании, или может по другим критериям? Откуда у тебя такие сведения?8) Почему ты оскорбляешь игроков, которые серьезно относятся к этой игре, считая, что у них низкий интеллект?То почему бы их не выложить в обсуждения, где люди смогут более наглядно ознакомиться с нюансами, на которые следовало бы обратить внимание?К сожалению, твой текст пестрит субъективщиной, оскорблениями компании (разработчиков) и игроков, которые серьезно относятся к этой игре, хотя ничего плохого они тебе не сделали. Плюс, для начала я советую тебе изменить свой никнейм на корректный, а не на матерный. В купе с твоим аватаром и никнеймом игроки, которые относятся к игре серьезно (особенно в рейтинговых матчах) могут предположить, что ты не серьезный игрок, что заметно может сказаться на порядочности, на систему которой ты жалуешься. Стремись поддерживать благоприятную среду и, я уверен, твоя порядочность вырастет на дистанции, но, к сожалению или к счастью, быть токсичным игроком с положительным винрейтом и при этом не терять порядочность - не получится."
589,Dota 2,-> почти нет игроковлол
590,Dota 2,"Что-то у тебя проблемы со всеми героями доты...Что бы она тебя не убивала ты можешь купить гост, еул, глимер, блейд мейл, вангуард или кримсон.Что бы не стукала, алебарду, хексЕсли она отдала в тебя блудторн то просто нажимай ЕУЛ а после сразу же блинк.А самое простое, держать позиционку и смотреть карту. Не нужно подниматься на ХГ если там нет варда и у тебя нет смока. Тем более если у тебя нет эскейпов.Виндран можно нулифаером снять, оракл снимает виндран, Шадов демон снимает виндран, дум убивает её в виндране. Да по сути любой нюкер, кастер её убивает. Скаймаг за одну ульту её может похоронить.Конечно если она 6 слотовая, то у тебя будут проблемы, но и то, всё равно это стеклянная пушка.Я не знаю что у тебя за трудности."
591,Dota 2,ахахахахххахахахааххахахахахахахахахахаххахахахахахаты можешь купить нулики и сносить дальше всех читаков аннигилировать за 5 секунд. таких как ты. которые с блинками и еулами бегают 30 минут и не хватает скила купить адекватные предметы
592,Dota 2,"Как же тебя порвало, учись играть сынка. Всё впереди, всё получится"
593,Dota 2,"Ничего не понял, какие читеры.УЕЛ отличный предмет за свои деньги. Он диспелит, даёт выживаемость если потерял позиционку, позволяет пережить условный эхослем если есть реакция.Ним можно ловить бару, акса, пуджа, легионку. ЕУЛ позволяет уклониться от хука если стрейфить уже поздно.Типа за 2600 монет своих он даёт отличные статы на интовика и даёт гибкость.Или лучше купить БКБ на пятёрку что бы что? Какая от тебя польза с твоим БКБ, если ты не энигма или какая-то ЦМка.Да нуликом еул могут спуржить это правда, но если нулик отдали в пятёрку, то значит его не отдадут в твоего керри. Более того я даже это переигрывал выталкивая себя форстафом на ХГ или клиф или банально сразу же нажимать сейв-тп.Короче, ты не прав, еул - это отличный предмет.+20 мувспида - очень приятно2.5 реген маны, тоже неплохо10 интеллекта (120 маны +0.5 регенерации маны + белый урон)"
594,Dota 2,смысл не пережить файт а выиграть файт
595,Dota 2,я поряду в турбо апал и на 7 минуте эта дичь дала рампагу вот и сгорел
596,Dota 2,какой комп у тебя ? комплектующие какие
597,Dota 2,Удовлетворяет сист.треб.
598,Dota 2,конкретно какая винда и комплектуюшие ?
599,Dota 2,"WIN 105070 ASUS TUF250KF32 RAM DDR5SSD M.2 512FHD750 WATT PSUЧто-то еще,сэр?"
600,Dota 2,If you arent interested just don't buy until it has value to you. Some people see value in getting a shiney icon for doing a task. Others see a way to earn skins they could never afford before. Even if every skin was $.99 it would still be cheaper at $4 a month IF you have the time to spend also. People pay much more than $4 to enter marathons that don't even offer anything other than a shiney trophy or ribbon.
601,Dota 2,"As long as they keep trowing money at them, we'll have a free game.Thanks for the free entertainment, whoever pays for dota."
602,Dota 2,for the battlecup brah
603,Dota 2,Includes Battle Cup and improved stats.
604,Dota 2,"and the exclusive item sets. The reason I bought it is because I spent ridiculous amounts levelling battle passes. <$60 a year is more than reasonable. If you don't want to buy it, you're not missing a whole lot. the item/hero assistant is pretty terrible and almost always wrong, and all the stat related stuff you can already see on dotabuff/opendota etc."
605,Dota 2,The voice lines are great.
606,Dota 2,"its 4 dollars only, dont pay for it then. its optional anyways"
607,Dota 2,"its not useless, you just dont know what it is for..and dont buy it if you dont like it."
608,Dota 2,it's called skins.also i find the info to be better than most english guides which are always outdated
609,Dota 2,"I don't use the game assistant, but I like the relic stats and the dmg stats from the game."
610,Dota 2,"Agreed, never paid a dime. Love the game. Thanks for paying everyone else 1k hours of fun. (mostly)"
611,Dota 2,I think that's a healthy attitude about most things. I don't care what anyone else spends their money on.
612,Dota 2,"Not to mention every game, that annoyingly large tab pops up telling you someone got one of their retarded achievments."
613,Dota 2,yeah that is pretty anoying i'm pretty sure they'll change that.
614,Dota 2,I’d buy it for the voice lines when all the bugs are fixed. I mean who doesnt wanna taunt their enemies with the hero chat wheel?
615,Dota 2,The voice lines from different heroes can sometimes make for some very funny moments :D
616,Dota 2,Bad players support valve
617,Dota 2,"This thread was quite old before the recent post, so we're locking it to prevent confusion."
618,Dota 2,The funny thing is they will ban you instead of him and call it shaming
619,Dota 2,I DONT GIV A ♥♥♥♥ WHAT I PLAY TODAY SMURFS OR 1-15+ OFFLANERS
620,Dota 2,its time they started to act for the future of this game is dying very quickly with all the hackers and smurfs
621,Dota 2,its always russians also on accounts from other countrys
622,Dota 2,reposting what i said before:valve encourages smurfing with the BS systemwhy would i queue for a game on 1 account where i am muted and shadowpool instead of creating a new account where i can communicate and have marginally better gamesvalve acting like they have stocks in the smurfing/account sharing business
623,Dota 2,Wait how is this guy a smurf? he has 3500hrs
624,Dota 2,"""Maybe the actual account owner has 3.5k hours on this account, but someone is definitely boosting/smurfing on it and stomping games with smurf heroes like Meepo."""
625,Dota 2,dota SCUM
626,Dota 2,"Кстати, блюр в скобках поставил не я. Просто не хамите людям и старайтесь не желать им отрыва тромба, в общем."
627,Dota 2,Ты мне предлагаешь за 200 игр поднять поряды на одну плохую игру.Вопрос - зачем?Играйте как играете. Взаимодействуете с командой просто нормально и примите к сведению что вы либо не будете коммуницировать из за поряды либо из за страха поряды пока валв не пофиксит систему. Ходить по яйцам в надежде на что то хорошее это пустая трата времени.
628,Dota 2,"Я делюсь своим опытом, не более.Ты можешь как угодно относиться к системе вежливости, но не нужно отрицать того, что она существует и с ней надо считаться.ну и трата времени - ты играешь в доту, чувак. Из всех занятий ты выбрал доту - это тоже трата времени на дебилку в интернете, ю ноу."
629,Dota 2,"безумие. Но тем не менее наука. Говорят кстати 7к порядочности это ещё норм, вот на 3-5 начинается адский ад и скрытый пул, хотя я думаю если тебе в принципе хватает самообладания не реагировать и молчать всю игру - ты и на 3к поряды сможешь апнуться. НО я бы всё таки посмотрел что люди скажут - как апать ультра лоу порядочность. Причем я не понимаю подбора порядочности, почему в одной катке попадаешься ты с условными 3к - Ганибал Лектор с намордником, по рукам и ногам связанный, и челы, которые и типают, и без кд в микрофон что-то бубнят и всячески БМят, особенно доставляет удовольствие попадаться с пати, которых зарепортить практически невозможно."
630,Dota 2,"Хороший пост, полезный. Но я расскажу что будет дальше, до чего ты ещё не добрался. Я до этого додумался экспериментальный путем уже давно в свое время и отмыл поряду до зелёных значений. Долгое время она держалась на одном месте, но потом за несколько игр упала на 2к, хотя ничего страшного не делал (шмотки не ломал ни разу за всю игру, каюсь было как то давно один раз слетал фидануть на фонтан но это было ещё в начале моей игры в доту и так я больше не делаю). Никакой разницы в игре я кстати не заметил, что на 2к что на 8к те бе самые руинеры. Про 12к я тоже достаточно собрал данных чтобы сделать вывод что и там то же самое.Так что если не хочешь чтобы твоя поряда проседала, тебе надо стать терпилой на постоянку, молчать в тряпочку и терпеть скрипя зубы все закидоны твоих тиммейтов и издевательства врагов, осознавая ещё тот факт что у многих из них это не основные акки и они могут делать на них что угодно, гадя тебе всеми изощренными способами какие только может придумать человеческий мозг. Потому что ты будешь зависим от каждого дурачка, коих тут большинство, и системы порядочности построена так, что снимают больше чем дают. А ну и да, тебе надо превратиться в такое же стадо, сливаться вместе со всеми и собирать шмотки стандартные чтобы не выделяться. А потом ты просто привыкнешь и станешь таким же овощем, либо бросишь игру"
631,Dota 2,оно у всех хватит. Просто надо играть одну-две игры в день в таком случае. Вот прям как начинает подгорать жопа с микромоментов - сразу дроп
632,Dota 2,"нуууу, 12к дает очень большой разброс в твоих действиях.условно говоря, когда я был 1 рапирой мне однажды 4 игры подряд попадался акбаер, который даже ник не поменял после 100 часов. сразу признался и заруинил мне 3 игры. Не в прямом смысле - бил шмотки и всякое такое. Просто играл не на этот ранг на коре. Ну, бывает, блин, чо, научится.из 4-й я просто вышел. На 7к вежливости я бы просто....молчал и ждал когда закончится игра и старался проиграть достойно"
633,Dota 2,"как я понял, в доте есть реально пул ""вежливости"". потому что до 7к у меня порядочность просела без видимых на то причин практически за 4 отчета с 11к при условии, что я не ливал и всякое такое.  Надо выбираться достаточно долго из этого ""пула"", а дальше играть как играется - всё будет в норме"
634,Dota 2,"Проиграть достойно - как? Твои враги не будут торопиться и смаканут этот вин, долбя лес или стоя под твоим хг, а тебе нельзя долбить лесочек под музычку, потому что за это недоразвитые патрульные дают штраф, если увидят что враги атакуют т3 а тебя вместе с командой нет. Тебе надо стоять там же и сливаться вместе со всеми, понимая что абсолютно 0 шансов на победу и твои тиммейты боты, ты очередной раз идешь сливаться под них и прожимаешь при этом какие нибудь кнопки для вида чтобы в патруле не засчитали за фид. Первая дота и то в этом смысле была лучше. Оттуда можно было ливать и был свич чтобы перекинуть игрока с одной команды в другую. Я ливеров даже уважаю больше чем фидеров, руинеров и прочих, надо давать возможность человеку честно покинуть неприятную игру, а не отравлять ее другимТы просто понимаешь что зря теряешь свое время на эту клоаку, когда есть другие игры - нормальные. Где разраб сделал для тебя поощрения за положительные действия в игре и где твой личный рейтинг не привязан к командному. Так что досливаю оставшиеся жетоны и сваливаю отсюда, становиться еще одним овощем не хочу"
635,Dota 2,"Полно комментариев от людей, которые с 12к слетали в самый низ за считанные недели, так что твоя теория не работает. Никто не значит как она устроена кроме валвов, мы можем только гадать по сторонним признакам"
636,Dota 2,"Зашел написать - это худшая система порядочности из всех соревновательных игр что я видел. Ты можешь встать афк играя на 10к ммр, как там все и делают если есть согласие встать афк, но кто-то может дать репорт и 1.5к ммр чудище из патруля подтверждает что ты ""препятствуешь игре"". Ты можешь быть без войса, чата, но если тебе кидают репорт за войс, твоя вежливость падает) Спасибо валв что заруинили игру детства"
637,Dota 2,"Спасибо за тему. Надеюсь, все боты-мимопроходилы обратят на него внимание."
638,Dota 2,"а в турбо допустим я буду играть, за то что мне кидают после игры лайки, это роляет както? или мне рейтинг онли играть?"
639,Dota 2,"Апался 3 месяца (так же 200игр) с 3к до 6500. В итоге 18декабря дали not pereodic за кучу репортов , упал до 5500. С того момента ушел в турбо и уже 3700. Seemsgood"
640,Dota 2,Мне кажется надо просто забить на эту мёртвую механику и просто искать челов в пати.
641,Dota 2,"у меня меньше 50 часов и порядочность с вежливостью уже 6989, и вот че мне делать до того как я попаду в рейтинговую?"
642,Dota 2,новый акк себе делай
643,Dota 2,"Система максимально дебильная. Ты не можешь коммуницировать в тимой, просто никак. Вот рил, я ничего плохого не пишу, получил -1000 поряды… С какого такого хрена вальве?"
644,Dota 2,"Мне больше нравится, что играешь всю дорогу 1х9. Выиграл в соло кое-как - молодец, держи репорт от кора 1/15 с 300гпм и пт за полчаса, потому что сборка у тебя видите ли ""не такая"", как он на Ютубе видел, и ""пик говно""🤣"
645,Dota 2,В ТУРБО поряда сливается еще быстрее говорю как человек с 1 порядой уже 7 лет
646,Dota 2,новый акк регать если поряда ниже 7500
647,Dota 2,"у меня такое было и решается это просто, заходишь в панель управления, сеть и интернет, центр управления сетями и общим доступом,  и находишь другое подключение, и справа будет синим цветом написано типа впн или чтото такое нажимаешь на синий текст и выключаешь и у тебя все будет работать как работало. скорее всего это впн который твой друг закрыл и не выключил и на фоне он подключился к другому региону и можно заходить только на китай"
648,Dota 2,"спасибо, отпишу если другу поможет"
649,Dota 2,"its not a draft issue there are alot of new players or smurfs throwing. in the new players case its ignorance and the smurfs place they do it on purpose and get radiance.if you see a mureta getting the mana charm starting item you can get in select they are trying to grind the event and straight up dont know how to play. did make that mistake because i didnt understand she plays the same as windrunner and drow.in the last 2 days every time i lost there was a player who was new and that bad or there wasnt a second player to carry the fight after i get dog pilled. feeding after the first 10 minutes is the norm too. and 99% of it is ignorance on items. if i see windranger and some others feeding i click them and there is almost always a crit item.if anything there needs to be a mass review of ""guides"" because most of them are trash out right and then dumb players read them and only see the 4 stars. i think i spent like 4 hours reading for 10 heroes like 2 or 3 guides each because they looked someone reasonable and over half of the guides have to be trolling."
650,Dota 2,"Ну ты же не за существование репорт получаешь - ты скорее всего что-то им сказал, возможно не очень вежливо.Меньше говорите с чудищами - им все равно пофиг что вы им скажете, они поиск включили не чтобы учиться."
651,Dota 2,"Да это ♥♥♥♥♥♥, а не система. Вежливость падает просто от того что голос юзаешь или пингуешь случайно под себя, молчишь тоже падает. Раньше на 12 тысяча поряды и вежливости сидел и думал, да сами виноваты в этом. А теперь сижу с мутом и не понимаю за что"
652,Dota 2,"Блинский тут походу ситема, хлеще чем в лиге.  Там еще можно повыяснять, кто там дифф кто ракообразный. Там такие нюни порой, а эти суры вечные о..... Там на ру сервер насрать там походу, только автобан срабатывает за ливы. Ты можешь хоть 1000 репортов отправить оно в шредер летит. Разе за маты тебя текста лишают, ну это совсем больным нужно быть, что бы такой выхватить.А здесь эти репорты заработыли в кой то веки, репорт ты отправил, столькоже и на тебя отправили. Я видел как это проиходит чел после поражение просто всем 4 репа и 4 авайда закидивает. А потом Серега разбирает таких в видосах. А надо, наоборот 4 зелених кидать.Я бы дальше пошел, поряда пошла ниже 6к, тебе возврашяют микр. Но будь проклят тот мир который ты сам создал. В каждой катке гуль, 2 пивася учаших тебя жизни. И нет кнопки мута, ты вынужден слушать  мусор в голосовом.  Это будет самое настояшие ведро с морскими крабами, которые дург друга на дно ведра скидивают.Флейми себе на здоровье сколько душе угодно, мамок  в кино води, пингуй как тварь. Короче веселись, старая ДОБРОдота."
653,Dota 2,"поряда щас понижается за кол смертей и за поражения.не гоните чепуху. какие реопрты.репорты никогда ни на что не влияли.единственные репорты которые влияли это те, что отправляются через профиль стима через вкладку ""пожаловаться"". и все."
654,Dota 2,"Почему чудовище вообще имеет право кинуть репорт, который повлияет на мою порядочность?"
655,Dota 2,"Ну если ты больше года сидел с намордником и медленно поднимал вежливость, а после получения чата слил её буквально за 1-2 отчета, то как бы очевидно, что ты не умеешь нормально коммуницировать, а не в системе проблема.Никаких чудовищ нет, тебя репортит такой же игрок примерно твоего же уровня понимания и игры. Я понимаю что вы считаете себя пупом земли и вас даже сам денди не имеет право репортить, но если хотите решить проблему с порядой - поубавьте чсв."
656,Dota 2,"Потому что такой же игрок как и вы и алгоритм даже считает что на сопоставимом уровне навыков. Поэтому и имеет. Вы для них такое же чудище, только с другой стороны - которое игру слишком серьезно воспринимает и что-то там в микр кричит им."
657,Dota 2,"дело в том что за один отчет тебе дают дай бог 50 вежливости, даже если у тебя мвп 10 из 20 и 30+ лайковно если ты попадаешься в пати руинеров 3 катки подряд и 1 раз че то выскажешь = -500 вежливости + мут + репорты, сам в шоке что впервые за 3 года лп получил"
658,Dota 2,"вы же понимаете, что есть кнопка мута, чел несет ♥♥♥♥♥ - его замутят, руинит - зарепортят, зачем выдавать намордник в игре где 1 колл может зарешать"
659,Dota 2,"Кнопка мута - не защищает тебя заранее. Это как нажать ЕУЛ после получения урона.А система поряды - это инвиз, токсик и нытик в принципе не может рот открыть и ты даже не узнаешь что он нытик. Максимум он будет шрябать на карте какие-то слова (за которые может снова улететь в лп)Когнитивная ошибка. По такой логике зачем нужна полиция и тюрьма, пусть местные жители с палками побьют вора.Правда завтра и тебя могут побить палками по ошибке, без суда и следствия.Системе по барабану на твой MVP и тем более на лайки(какой-то глупец сказал что лайки дают порядочность и этот миф живёт годами и повторяется друг за другом), ты можешь быть хоть денди. Но нарушая правила тебя наказывают.Не умеешь разговаривать? - МолчиСистеме точно так же по барабану на твои колы, победишь ты или проиграешь - ты просто статистика из 1 000 000 других игроков.С чего ты решил что твои колы кому-то вообще нужны?___Я  например получаю за каждый отчёт 0 вежливости, потому что она 12000 и не падает как на зло. Даже если я пикаю плохого героя на котором не умею играть и бегаю 0\9Просто будь человеком, общайся, выключи гнусавый акцент, высокомерие, научись забавно шутить не по злому, не нужно вставлять мат вместо запятых.Писать в конце ""ez, слабые"" и паузить - это попытка унизить соперника который и так проиграл. Естественно все 5 врагов скинутся тебе по репорту за токсичностьПисать ""solo"" когда играешь в команде, как бы плохо не играли союзники - это чистой ваоды эгоизм и попытка сказать ""я лучше вас, вы все никто"" союзники тоже с радостью тебе накинут по репорту. В итоге ты получишь свои заслуженные -500 поряды и пойдёшь ныть на форум, рассказывая басни ""ни за что, просто так сняли, система сломана""(твоя свобода слова заканчивается, ровно там где начинается чужая. А то насмотрелись футбольного аниме, решили что вы эгоисты все - перед монитором, а ты иди сделай что-то реально полезное в реальном мире)И будешь тоже играть с 12000."
660,Dota 2,"Я вот никого не называю чудовищами, ничего и никому не доказываю в катках. По итогу  сижу на 12000 поряды, как думаешь совпадение?Вы такие смешные, думаете что вы выше других, спустись на землю молодой человек, ты ничем не лучше других, чудес не бываетВ катке ты бы написал вот такое про чудовище, я бы отправил репорт и мут, всё дело сделано"
661,Dota 2,"ну знаешь, скорей всего ты начал писать либо говорить. А люди такие животные, которые не любят тех кто указывает на их ошибки будто в реале будто в виртуале. Не веришь? Начни в реале говорить все что ты думаешь, ахуеешь, так вот здесь так же."
662,Dota 2,"Это потому что ты внизу не пробовал посидеть! Посмотрел бы я на твоё самообладание на 1к поряды! А? А? Слабо с 1 до 12 подняться?(сарказм есличо, из недавнего диалога с одним из таких)"
663,Dota 2,"Нененене, пути с 1 поряды нету. Там просто бутылка с крабами, они валят репорт всем за все."
664,Dota 2,"У меня в самого 1 поряды было, проиграл игру всем реп (хуевый подбор игр) КТо то переиграл реп - читер/cмурф. И так все делают, с 1 поряды ты вылезишь воооозможно за 1 год. Но проще акк новый"
665,Dota 2,"И там же как, даёт по 200 минусует по косарю полтора, так что удачи)))))))))))))))))))))))))))))))))))))))))))))))))))))))))))))"
666,Dota 2,"А кто хоть что-то поменял в геймплее после падения до 1к? С чего результат измениться должен? Дело же не в количестве репортов, а в их подтверждении алгоритмом/патрулём.И кто ""они""? Если должно быть ""мы друг другу репорты валим"". К чему это ложное кокетство"
667,Dota 2,"Это из серии ""ты сначала сядь в тюрьму, а потом рассказывай как искать работу с судимостью""Самообладание не зависит от того что происходит на мониторе, потому что я имею стоп-кран. Если я вижу что всё таки начал нервничать.Что интересно нервничать не столько из-за самой игры, сколько из-за когнитивной перегрузки(слишком много данных за раз), потому что самоконтроль - это не бесплатная функция, каждый раз когда ты хочешь разозлится, происходит целый каскад с ГАМК который тормозит лимбику(мозг обезьяны, старый).Короче это стоит много энергии в плане организма.Я не жму играть, я закрываю доту и иду мыть посуду, готовить еду, смотреть кино. Это база КПТ(терапии, постоянно давать себе отчёт что ты делаешь, как меня учил психотерапевт) у меня это на автоматизме уже, я всегда в гармонии и на чиле.Я почти достиг дзена как монахи-буддисты, что всю жизнь к этому стремятся.Даже если бы у меня было 1к ничего бы не изменилось, я бы точно так же играл 1-2 катки, либо просто нашёл постоянное пати и играл с ними. Нужно быть smart, уметь адаптироваться к условиям среды"
668,Dota 2,"Не юзай ChatGPT плиз, ну свои мысли изложи а не АИ"
669,Dota 2,"ты просто перестань покупать аккаунты, не думай что ты самый умный и сможешь обмануть систему.Что бы выйти из дна, тебе достаточно найти пати и играть с ними через дискорд.Всё, твоя победа больше не будет зависеть от рандома, никто тебе не кинет репорты. Ты бы так не спеша через пол года бы отмыл её до 12000 и не парился.Что бы не упасть снова на дно, прежде чем открывать рот делать паузу на 5 секунд, задав себе вопрос ""что я с этого получу?"" если просто потешить эго, то это прямая дорога на дно снова."
670,Dota 2,"Люди категорически не выкупают, что поводов для тильта игра прекрасно умеет подкидывать на всех птс, на всех порядах. Реже? Ну и что. Вы тоже не сразу спустились. А мы не спустились вообще, дай бох раз в год что-то шальное прокнет, потом опять 12к.Потому что конкретно ваши показатели behavior и communication - они относятся к ЧЕЛОВЕКУ, не к СРЕДЕ.Но для рецидивистов это ровно такая же боль, как и понять, что нельзя хоть 14 каток подряд затащить ""изи соло"", а в последней сесть и насрать посреди гостиной, пойти фидить по миду за добитого саппортом крипа, ведь ты теперь миракл грёбаный, тебе можно - и надеясь при этом на прирост поряды. Ну просто нереал для таких не дефать собственное эго пуще зеницы ока. Травматичное детство что ль, гиперкомпенсируют, хз."
671,Dota 2,"А как ты можешь доказать что это нейросеть, презумция невиновности. Бремя доказательства лежит на том кто выдвигает тезис.Скорее всего измеряешь по себе. Кстати а почему GPT? Ты пробовал открывать huggin face, ты видел сколько моделей есть?Ты не думал, что я может быть вместо тиктока, использую такие штуки... Как же их, как-то их называют. Я думаю ты тоже однажды их видел в глаза. Ну да - Книги.Логично что у меня порядок в голове, ну насколько это возможно. И я стараюсь излагать свои мысли по тезисам, по блокам, структурировать"
672,Dota 2,"Если ты думаешь что я нейросеть, мы можем пойти запустить стрим на твиче с вебками и устроить дебаты.Только что бы целиком было видно с руками и монитор было видно, что бы телефончик сбоку никто не щёлкал и не отводил взгляд в сторону.Можем сыграть в шахматы, пройти тест IQ, послушать мою сумбурную лекцию про мозг и психиатрию, посоревноваться устроив джем по программированию.Вот и проверим, нейросеть я или нет.Я понимаю что у вас от тиктока проблемы с восприятием структурного текста, вы настолько привыкли к рандомным перемешанным и хаотичным фразам, что любая структурированная речь или системное мышление для вас = ты нейросеть.Я бы сказал что это даже печально в каком-то смысле, поколения глупеют на глазах.."
673,Dota 2,"какой бред вы тут пишите умники, в доту играли вообще ? вот ситуация ты сидишь и играешь нормально 5-10 каток всем коменты кидаешь а потом попадаешься с животным которому не понравилось что ты не пошёл с ним под т2 фидить за саппорта и он начинает фармить лес на лиончике и ныть 30 минут что ты не сыграл как он хотел и тимэйты начинают вестись на это бред и репортить кто виноват ??? я который спокойно играл и ничего не говорил на его ошибки и не начал ныть первый или кто ? И всё после этой игры тебе вылазит отчёт что ты еблан тупой не ныл, в чат не писал, виноват токсик на те -1500 поряды. В этой игре кто первый начал ныть тот и прав, им надо найти виноватого, козла отпущения и на кого первого показали тот им и будет. За последнее время я в этом убедился раз 7."
674,Dota 2,"Я не думаю что твой инлайнер шёл под т2 фидить. Я думаю ты просто слакнул своего тимейта потому что ты та самая легендарная ""четвёрочка"" которая фармит крипов, забирает фраги, смотрит как киляют тиаейтов, а на притензии по отсутвию помощи, равно как и на отсутвие внятного импакта выдаёт универсальное ""Воообщето.... Я ЧЕТВЁРКА..."". Я б тоже зарепортил."
675,Dota 2,что скажу отвечаю так и есть на 12 к порядочности играют боты только проверено если игрок хорошо играет то его репортят только за то что он ташит и порядочность падает без руина  без коммуникаций в игре сё равно будет падать надо играть как полу бот тогда порядочность растёт очень быстро даже в турбо
676,Dota 2,"ну значит ты как полу бот играешь проверено много кратно тебе  говорить боту каторый так играет какой смысл слушать от тебя или тем кто прям ташит игры и за это тупо репорты получает + если реакция хорошая система считает что от пинга к примеру 100 и ты жмеш с блинка в мс 50 то на выходе имешь 105 мс то система тебе автоматом снимает поряду тоже нашёлся даже не в курсах как система работает так и получают читера репорты от системы как анти чита в доте нет а тупая система не рабочая многие года  как страдают и норм челы  без читов потом тебе надо начинать играть на половину как полу бот что бы через 3 долгих месеца тебя удалили с базы  и порядочность начинает расти только потом а если у тебя всегда 12 к я тебе отвечаю ты болу бот  и по кадрам считает какой сшёчик и как ты бы типа смог увидеть за эти кадры и отреагировать человеку хватает 30 кадров что бы шатать у кого 300 фпс разницы нет а для системы есть прикинь если что если у  тебя примерно 300 фпс то тебя система не когда не репортит по кадрам ужас как увидел это а""х!""у!ел честно как система у помоек работает   а кто хорошо играет прям без читов без единого репорта в стастистике будет сёравно падать паряда система криво косо сделана на коленке в гараже"
677,Dota 2,"У тебя 30 ошибок в тексте, выслушивать от тебя про ""полубота"" = себя не уважатьу меня тоже 12к поряды и что с того? Нормальные адекватные люди горят на систему вежливости, клоун"
678,Dota 2,фн+1 должно быть
679,Dota 2,"This thread was quite old before the recent post, so we're locking it to prevent confusion."
680,Dota 2,привет сможем вечерком по мск?
681,Dota 2,repported steam and valve
682,Dota 2,Hahahaha what server?
683,Dota 2,eu west and us east
684,Dota 2,Too far from SEA server
685,Dota 2,"Cool story, you'd improve your responses a little with a match ID though."
686,Dota 2,Match 2633587496
687,Dota 2,agerar is my other account
688,Dota 2,Mexicans team up = feedville/report frenzy on anyone not listening to them
689,Dota 2,"nice excuse.take a loot at his win/lose ratio when he plays as axe.16 matches playing as axe and the win percentage is only 18.75% only.also the person who plays as nature's prophet for this dota 2 match is also very lousy.also you in LPQ because you abandon so many dota 2 matches.look at his first page.he abandon 2 matches which areandyou got into LPQ because you abandon dota 2 matches.don't defend tinleo33 or his alt dota 2 account name ""agerar"".he is a ""toxic"" player himself."
690,Dota 2,"This thread was quite old before the recent post, so we're locking it to prevent confusion."
691,Dota 2,"most likely it is your internet connection being highly unstable.here are some solutions1) instead of using wi-fi switch to cable/wired connection for more internet connection stability.2) get a repeater to increase your router's range.3) close all programs that requires internet connection except for steam and dota 24) make sure your computer is the only one at home using the internet connectionremember, there is no such thing as ""PERFECT"" internet connection in this country or that country.p.s it could your ISP server overload due to too many people at that timing of day using the same ISP as you."
692,Dota 2,"Getting same problem, game would lag in presence of multple units/illusions and teamfights. Its not a internet problem since it doesnt lag or high ping. Im getting this since Dueling fates 7.07 update"
693,Dota 2,"This thread was quite old before the recent post, so we're locking it to prevent confusion."
694,Dota 2,именно так
695,Dota 2,"А команда, которая знает, что её надо координировать - она с нами в одной комнате? И она тебя зарепортила за это? Будто что-то не сходится, будто фантазия наложилась на реальность и получился ой.Челы, почему вы все не можете блеать признать, что вам нравится флеймить время от времени, а остальным не обязано это нравиться?! Я вот флеймлю, когда совсем подгорает. В итоге сижу то с чатом то без, год уже. По тимплею нихера и не поменялось особо, сказки это всё."
696,Dota 2,"почему вам всем нравиться так высказывать свое мнение о котором не кто не спрашивал ?  остальным ведь не обязательно знать, что вы думаете или как вы считаете.для этого можно создать свою тему"
697,Dota 2,"Не пон. Форум общий. У автора было мнение, он высказал. Я внёс корректировки, не поскупившись на пояснения и доп вопросы - я козёл и должен уйти. Я при этом, заметь, автора не затыкал и не прогонял.Причины? Потому что ты так захотел? Директор пляжа дохрена?"
698,Dota 2,"ты модератор что бы вносить корректировки ? или тебя кто то просил ? человек расписал все как есть , ты  вносишь ""свое"" мнение о том что все ок.  раз все ок зачем пишешь ? провокация и только."
699,Dota 2,"Это называется... диалог? Когда кто-то ""расписывает всё"", а собеседник говорит, что погоди, А же работает не так, а про Б ты вообще забыл подумать.Хотите расписывать всё без возражений со стороны - уединитесь, носите одинаковые шапочки, бейтесь лбом о пол в назначенный час. Картина маслом, ""зумеры изобрели секты"", ю ноу?К публичным форумам это отношения не имеет, здесь никто строем ходить не обязан, сколько людей столько и мнений."
700,Dota 2,"Похоже на копипаст уже какой то существующей темы? В прочем ничего нового, снова громкие слова ""валв убили коммуникацию В КОМАНДНОЙ ИГРЕ О КАКОЙ УЖАС"" за которыми ничего не стоит.А при дальнейшем разборе и попытках разобраться в этих ""игра тебя наказывает за попытку играть в команде"" дальше последует токсичность, тексты от ИИ, и мотание головой с едва различимым ""он на за зарплате дефает систему""Валв создали систему, которая работает, и которая НЕ исправляет токсиков, а просто выпиливает их из игры. У вас забрали микро и смысл в игре резко пропал? Дак удалите её, оставьте игру умирать, а сами пойдите в другую такую же но живую, где определенно иначе, ах ну да, вы не можете же, извините("
701,Dota 2,говори за себя
702,Dota 2,Ты в корне не прав со своим понятием системы валв .
703,Dota 2,"Потому что это форум и в этом его цель.А ты кто вообще? Почему Я должен спрашивать ТВОЕГО, вечного обитателя лп, дозволения, что бы оставить СВОЁ МНЕНИЕ? Люди будут писать сюда что заходят, когда захотят и как захотят, и всё о чем они должны беспокоиться - это не нарушать правила стим."
704,Dota 2,"Ну да, у меня так. Наказание есть, но есть и причины: дохера на себя беру. Приятно с намордником? Нет, я за свободу слова + кнопку мьют. Кому не похер, за что я там? Всем похер, кроме меня и кучки солидарных. Утверждать обратное это всё та же попытка брать на себя дохера, только уже вне игры, где казалось бы эмоций должно быть поменьше а соображалки побольше. А зачем мне говорить не только за себя, как это делаете вы?!Если у вас всё настолько сломано и для такого кол-ва людей, что ваш случай считаете тенденцией, а мой исключением - ну, за все месяцы и годы пора бы уже это дело давно показать на стримах. Тогда б и я с радостью вас услышал и поверил. Пока что сплошь полотна выводов без доказательств, на сухих цифрах из отчётов где ""всё сделал правильно, но тима слила + зарепортила"". Эт чё, все ваши пруфы, что ли? Честное пионерское слово?"
705,Dota 2,"Как Valve уничтожили коммуникацию в Dota 2 своей абсурдной системой порядочноститвой ответ : ""все в порядке , я тоже молчу - друзья не нужна коммуникация"" .  следом из 15 игр - 10 слиты. как бы ок. главное что игра в кайф =) 2-10-2 ,2-6-7 и так далее. ну и само сабой не хочется слушать о том, что пт на джакиро так себе арт"
706,Dota 2,"Выпил? Закуси.Пт на джакиро я собрал играх так в 10 из 500, каждый раз ситуативно. Где ты хоть откопал-то это, гений, научи.Винрейты - потому что у самого нет настроения играть на ол мьют соло вин, а тиммейты весьма и весьма специфические. Как кстати и враги, в отличие от тебя рака умеющие на 2к рейта остановить стомп жесточайшим сплитпушем(см ласт на питлорде).И в лп - тоже всё ещё только ты. И в тиме топ1 топ2 - тоже чаще всё ещё я.Всё важное, очень касающееся проигрышей из-за коммуникации, обсудили или опять продолжим в 10 листах?Если важна коммуникация, нахер было её сливать, а потом жаловаться на габена и на джакиро с пт? Удивительная способность ракообразных залезать в панцирь и делать ""блаблабла это не я"""
707,Dota 2,"Система очевидно сломана.(профессиональный игрок, экс-тренер и экс-капитан команды OG):(профессиональный игрок и стример, экс-керри Virtus.pro и NAVI):(профессиональный игрок, мидлейнер команды Gaimin Gladiators):(экс-профессиональный игрок и популярный стример, экс-саппорт FlyToMoon и NAVI):"
708,Dota 2,СОГЛАШУСЬ С АВТОРОМ И ДОБАВЛЮ В ИГРЕ ЕСТЬ КНОПКА МУТ ЕСЛИ НЕ НРАВИТСЯ ЗАМУТЬ ТИМЕЙТА НО УБИРАТЬ СПОСОБНОСТЬ ОБЩЕНИЯ В КОМАНДНОЙ ИГРЕ ЭТО БРЕД
709,Dota 2,"^Забавно, что все просто сказали, что олмьют режим плохо, что коммуникация важна, и на этом всё. Логичный же вывод: не сливай пойнты попусту и коммуницируй на здоровье. Была бы цель, а дорога возникнет под стопами идущего, так сказать. Но зачем делать такой вывод, зачем идти по дороге, когда можно удобно подтянуть под себя, фидящего и флеймящего на лоу мид птс.Ну только Квинн как всегда. ""Фундаментально сломана"", лол.Ну так ""лоботомироватькоординировать действия с командой"" некоторым и правда стоило бы, и сходить купить на рынке нормальную, либо в прокат взять. Оказалось, что жёлтые и красные карточки не только в футболе бывают, а посоны-то и не знали.Почему когда я ♥♥♥♥♥ N месяц включаю трансляции Хана, у которого тоже топ 300 топ 500, раньше вообще был в топ 20 кажись - то он коммуницирует преспокойно, включая смехуёчки, изредка даже доёбы, но показатели стабильно 12 12? Почему когда его в чате спрашивают, он говорит, что вообще этой системы не замечает? Тоже агент габена?"
710,Dota 2,"Профессиональный игрок, мидлейнер команды Gaimin Gladiators (двукратный финалист The International, победитель множества турниров серии Major).Ветеран про-сцены Dota 2, чемпион The International 2011 (в составе DTS/Garaj) и один из самых популярных русскоязычных стримеров и аналитиков.Экс-профессиональный игрок (HellRaisers) и крупнейший русскоязычный комьюнити-стример по Dota 2.Профессиональный игрок, капитан и экс-тренер двукратных чемпионов Major — команды OG."
711,Dota 2,">> В спорте тебя не лишают возможности кричать команде ""пас!"", а тут тебе затыкают рот намертвоПрям за ""пас"" затыкают, да? Хана чё-то не затыкают.В спорте не лишают возможности кричать, совершенно верно. Просто пиздуешь на скамейку и на ней уже кричи на здоровье. Вот что в спорте делают. А здесь ты доигрываешь спокойно. Даже kickvote нет.Ну так чо там... Записи со стримов с фактами наказания за безобидное есть? Всё это люди довольно медийные, должно же быть."
712,Dota 2,"игры. положительные игры. негативные игры. репорты. . похвалы и порядочность15	14	1	1	1	26	4731 тут осадил патруль, наверное заслужено.15	14	1	2	2	25	5755. тут что?15	13	2	3	2	25	5773 тут что?"
713,Dota 2,"наверняка есть, можешь поискать, мне достаточно авторитетного мнения"
714,Dota 2,"""наверняка""?да, мне недостаточно как-то, деталей быне может быть, чтобы для тенденций не было примеров на каждом шагупри отсечении системой экстремумов - могло бы так бытьно не если всё ""фунтаментально плохо, мы все умрём""алсо, зная, сколько среди топ инфлюэнса по доте фриков и их благодарных зрителей, я бы не ставил слова без фактов ВООБЩЕ ни в ♥♥♥ - уж извините, если оскорбил чьи чувства верующих в авторитетывыше привёл контрпример из топ лобби, для которого это не работает - пока вижу ноль предположений, почему же так"
715,Dota 2,Согласна
716,Dota 2,нет такой кнопки. 9 смурфаков в одном матче. все должны сидеть с вак баном. но они играют в смурфпуле на низкой поряде. несправедливо. еще и жалуются что им не поговорить  друг с другом. абсурд.
717,Dota 2,"И кстати: из перечисленных авторитетов подписан на Кумана.В ровных катках спокойно коллитВ неровных коллит неспокойно, высказывает тиммейтам только в путьС войсом сидит человекНе перестаю удивляться!"
718,Dota 2,"буду у тебя учится , как ни како есть чему рейтинг позволяет показать мастер класс  из 15 игр 10 всратых, научи меня по братски , дай дельный совет что я не так делаю ."
719,Dota 2,"♥♥♥♥♥, мужики, перечитываю этот ваш очередной пост, и жесть просто, сложно не смеяться.> Вместо того чтобы нанять нормальных модераторов...Габен, алло! Привет, родной! Как твоё ничего! Я чё звоню-то: у нас с пацанами нихера не работает. Не-не, ты не уточняй у пацана с ключами от серверной и не смотри по логам. Они тебе скажут, что большинство в зелёной зоне, но это потому что они пиздят и потому что ты им денег платишь. Ты лучше нас послушай, мы ж не терпилы. Положняк такой: надо бы раскошелиться и нанять половину Индии на просмотр 100к ежедневных реплеев. Только так, брат. Сам понимаешь, спортивный дух тимплея нынче недёшев.Ну т.е. вы вообще всекаете, о чём фантазируете, на каких данных, при каких правах? Понимаете ли, что все системы поведения матчмекинга и проч это мультифакторки, и они тюнятся через биг дату, а не через отдельные выборки особо пригоревших, резко высказавшихся на форумах и стримах, которые вы решили собрать в Долбозорда и пойти в атаку за все ништяки и против всей хуньи? Система же литералли создана чтоб отсекать экстремумы, вам же объяснили сто раз. Она это и делает. Вас отсекло? Вы экстремум. Ещё и необучаемый, т.к. боль в жопе есть, возможность её поправить собственными руками есть, а дисциплины ноль. А самое смешное, даже из процитированных выше вы хрен у кого найдёте намордники, ну кроме Квина, святейшего из людей. Так кого спасаем-то? И от кого? И какой ценой? И из чьего кармана?Пиздос. ))0"
720,Dota 2,4 из 15 на КАЖДОЙ странице бездарно всираешь ты - см статывсе 10 из 15 конкретно здесь мне бездарно всрали тиммейты - см статыПо-братски учу: ♥♥♥♥♥ это туда.
721,Dota 2,ты и дорогу знаешь ) видимо часто бываешь .
722,Dota 2,"Дык как катку регаю, так и попадаю в ваше царство.Жаль репорты регает примерно один из десяти."
723,Dota 2,какие негодяи
724,Dota 2,ну и еб л что деньги в этот кал тратишь я в шоке с тебя
725,Dota 2,"Егербибеттер, какими судьбами?"
726,Dota 2,меня узнают ппц.Ну я просто очень был впечетлен системой последние дни.
727,Dota 2,многие страдали таким подбором тебер настало твой момент и мой с гавном подбором и софтоами в игре
728,Dota 2,Дианочке Ein Sof от меня привет передавай
729,Dota 2,dota DIE...
730,Dota 2,X2
731,Dota 2,"I got freezed randomly when rubick appears, and had stupid way to deal with it. But now, bristleback immortal neklace freeze my game no matter what I do"
732,Dota 2,дота DIE...
733,Dota 2,i cnt pass it. any advice out there?
734,Dota 2,read the directions?
735,Dota 2,"Did it after 20 tries, 2 punch on the keyboard, 1 screen slap, and 2 pillow punching"
736,Dota 2,Надо нажать альт плюс клик мышкой на иконку над панелью скилов и рракл скажет где руна и какая а если ее нет то где появится и какая.
737,Dota 2,Сисечке
738,Dota 2,"Чтобы воспользоваться способностью, нужно нажать «Alt» и кликнуть мышкой на иконку над панелью скилов. Oracle скажет, где находится руна и какая она, а если её нет, то где появится и какая."
739,Dota 2,"а как это делать когда оракл в твоей команде? если я кликаю альт+лкм то у меня пишет просто, что его способность готова"
740,Dota 2,"This thread was quite old before the recent post, so we're locking it to prevent confusion."
741,Dota 2,It's okay. Marci is cute.edit: oh wait u have 10k hours lel
742,Dota 2,It doesn't exist
743,Dota 2,the player base proves reading is a super power.
744,Dota 2,TRVTH NVKE
745,Team Fortress 2,maybe
746,Team Fortress 2,Yes it is.
747,Team Fortress 2,Thanks but they have me report hostage
748,Team Fortress 2,"Doesn't mean anything. I guarantee they'll say, ""To resolve the issue, we'll need to get you on Discord with a Valve employee."" It's a classic scam."
749,Team Fortress 2,U this a scam
750,Team Fortress 2,"That's also a scam, block them and move on. Nothing happens to you even if you got reported, they're only trying to make you scared."
751,Team Fortress 2,I dont get why you are so worried. These guys take months to ban blatant cheaters let alone you will get banned for a single report? For an item you never had?Yeah make sure to make fun of them if you still can or better try to waste their time.
752,Team Fortress 2,"False reports won't get you banned if you're not guilty. You're fine, and this is most likely a scam. If they try to induce fear and/or a sense of urgency, you can be almost certain that it's a scam."
753,Team Fortress 2,sacmmmmmmmmmm
754,Team Fortress 2,я буду инженером
755,Team Fortress 2,Скамер Обьясняю После того как добавите его в друзья он предложит перейти в дискорд а там вам кинут ссылку как бы на матч а по факту что бы украсть данные аккаунтаНулевой профиль Да верим
756,Team Fortress 2,"Light, ты чем обкурился?"
757,Team Fortress 2,для начала открой инфу об игре часы инвентарь и список друзей а то ищешь тут людей а сам скрываешь профль и еще не кидай людям фишинговые ссылки
758,Team Fortress 2,да подавись
759,Team Fortress 2,инвентарь тоже
760,Team Fortress 2,"я не скамер и зачем мне твои данные аккаута, и  максимум что я могу в дискорде это разговоривать и вообще какая ссылка на мачт, таких ссылок не знаю я не скамер зуб даю"
761,Team Fortress 2,я даже ивентарь открыл что бы ты нормально посмотрел Light
762,Team Fortress 2,открыл инвентарь в котором только вещи за достижения  но скрыл информацию об игре где было 40 часов и только один друг Слушай Мне все ровно Просто те кто уже читает эту тему будут в курсе о том что бы не переходить по ссылкам в дискорде
763,Team Fortress 2,"ну кстати лайт прав, такое вполне себе может быть, не переходите по ссылкам"
764,Team Fortress 2,"just play offline practice, there's no tryhards there"
765,Team Fortress 2,"the bots r actually pretty smart, they place turrets in choke points, actually hold points, pretty good for warming up if you're a little rusty"
766,Team Fortress 2,just join a different lobby. easy
767,Team Fortress 2,"As if TF2 wasnt so old to the point where almost every lobby is filled with a tryhard dominating the server, yeah."
768,Team Fortress 2,Yeah it can suck real hard if there's only/mostly new players on one team. It ain't fun to get steamrolled and neither is it fun to stomp the entire team all the time. And Scream Fortress will be filled with tryhards especially when contracts come in
769,Team Fortress 2,Some games actually measure your performance and put you against people with similiar skill each match.
770,Team Fortress 2,What are we gonna do about it?
771,Team Fortress 2,Get notified about how this game runs and ruins the experience for the less skilled people
772,Team Fortress 2,I’m pretty sure that you have a skill issue
773,Team Fortress 2,"like i said, try offline practice"
774,Team Fortress 2,Play better
775,Team Fortress 2,"When a demoman jumps across the whole map and frags me instantly its my problem.When a spy main with 4k hours trickstabs everyone its my problem.When a sniper quickscopes and headshots everyone its my problem.When a demoman trimping across the whole map wipes me and my team out its my problem.When a scout main runs across the whole map and kills everyone its my problemWhen a soldier main shoots me out off the air its my problem.When a pyro main pulls a whole combo on me its my problem.yeah i get your mentality here.Basically when i face highly skilled opponents while i barely can do much and constantly lose to them its a totally fair play and its an issue on my side and will have to die thousands of times and play hundreds of hours so i can even match their skill, okay yeah what a great motivation to play this game."
776,Team Fortress 2,git gud
777,Team Fortress 2,"skill issue, nuff said"
778,Team Fortress 2,Skill issue
779,Team Fortress 2,It's a known fact friendlies that unironically use term 'tryhard' whenever someone bests them can't play the game so they just stop trying starting to grief casual servers 24/7 and deal with something as simple you've listed actual player with 100h can. Maybe tea party simulator is more your pace. Not sure.
780,Team Fortress 2,"I'm sorry but as many others have said already the game is old so of course there are more experienced people playing, you just need practice to become better"
781,Team Fortress 2,Seems like you need to get good at the game.
782,Team Fortress 2,"People will say stupid sh*t like ""skill issue"" but you are right. Every lobby these days is absolutely infested with tryhards who can't fathom the idea of just playing for fun, instead of playing like they're going to be murdered if they lose. It's not fun, and more importantly, it's NOT a skill issue."
783,Team Fortress 2,"the people saying you need to ""get good"" aren't even trying to be mean, that's legitimately the issue you're having, it's the same thing with any game. tf2 just happens to have a very high skill ceiling, so you probably notice it more. I get that you probably feel like there's nothing you can do against very good players, but the more you play the more you'll understand what to do in those situations."
784,Team Fortress 2,"So you are saying that some people that have a higher skill than you should not play this game, or what?"
785,Team Fortress 2,
786,Team Fortress 2,Tf2 players when someone has skill
787,Team Fortress 2,If every lobby even in Casual (lmao) filled with players better than you having fun while you pretend they don't and idle the entire match and complain about getting killed in a fps game it's not a skill issue yeah.
788,Team Fortress 2,Many of the tryhards are cheating btw.
789,Team Fortress 2,So everyone who's better than you is cheating. It all makes sense.
790,Team Fortress 2,
791,Team Fortress 2,"If you knew gamesense and the proper way to play the game, you wouldn’t end up in these situations anyways."
792,Team Fortress 2,Tuterok trying to shut up about friendlies for 0.002 seconds (100% impossible challenge)
793,Team Fortress 2,"when a demo flies at me and kills me it was something i could have totally predicted and not ended up in it, when a sniper pops out and instantly headshots me its a problem of mine. okay cool i guess i need to get a gamesense and a new sense to detect incoming demos that are flying at 150km/h at me, yeah okay sure then."
794,Team Fortress 2,I don't know why I love it I have never lost a building to one. It is a minor inconvenience to me I have no idea why any spy uses it it is slow and keeps the buildings in tact takes me seconds to build them back up as opposed to having to rebuild from scratch. Keep loving that red tape recorder spy XD
795,Team Fortress 2,yeah but it delevels your teleporter in one second
796,Team Fortress 2,Tele is easy to lay back down. We all know in a nest you need to take down the engineer and the sentry. I think that is the mistake most inexperienced spies make they go for the buildings first when they need to go for the engineer first. And a lot of engineers will run out to save the first sapped building which can be a mistake.On the rage quit thing I have no idea why that is. Engie can be a frustrating class sometimes especially if the spy is good! I do notice we often stat out with a load of Engies and it quickly wittles down to one or two! I guess not everyone likes the challenge. I love to play against a good spy! Especially on 2fort as it is like a 1v1 sometimes when I am alone defending :D We have our own little battle of wits going on down there. Are you good at spy OP?
797,Team Fortress 2,"I think all this red tape slander is a psyop created by engies worldwide. Instant metal wipe for enemy dispensers ruins any sentry nest, suddenly they can't regenerate their losses as fast. But nooo don't use itits bad and super stinkydon't challenge the engineer empire"
798,Team Fortress 2,"Even if it doesn't get rid of the buildings, it's useful for depleting the Engineer's metal supply and waste their time. Stock sapper damage is easily undone. RTR takes slightly longer to undo."
799,Team Fortress 2,don'tthough it would be funny to send a fake IP then send screenshots of you in mge to waste time
800,Team Fortress 2,would give them due attention by not caring
801,Team Fortress 2,I have no idea what that means but if it is something derogatory I just keep on dominating him and ignore his childish insults
802,Team Fortress 2,challenge accepted
803,Team Fortress 2,go mge and MURDER him (in the mge ofc)
804,Team Fortress 2,nothing
805,Team Fortress 2,mge is a 1v1 duel basically
806,Team Fortress 2,"When already dominating them, the choice is simple.  Tell them they aren't good enough for your time or go mge them.  You're in a position to aura gamble."
807,Team Fortress 2,Ah thanks. Is there something dodgy about this particular way of duelling? I don't know a lot about this kind of stuff
808,Team Fortress 2,"Whats mge gonna change. If they claim it's because of ""assists"" or something then its an issue on their part, they need to learn strategic advantage.When you see 2 people coming for you, and instead of looking for a teammate, you go for the 2v1, I dont think ur allowed to complain. Challenging for 1v1s makes people look weak"
809,Team Fortress 2,Say “nah” in chat then proceed to keep dominating them
810,Team Fortress 2,I honestly prefer 5v1 so it stays fair for everybody.
811,Team Fortress 2,♥♥♥♥ u mean cuh
812,Team Fortress 2,
813,Team Fortress 2,"Vibe coding for a game that came out in 2007 is basically just saying you want the game pulled down. But don't worry, some guy will tell you ""just give it time"" or something to that effect to make you feel better."
814,Team Fortress 2,"I know the storage prices are crazy right now but 30gb for a game is nothing in big 26, especially an old one like this which can be installed to slow HDDs"
815,Team Fortress 2,"If an ai bro lets those tin cans grimy robot hands even touch my tf2, I will debone them like a fish. We don’t need Gen ai or LLMs in tf2 in any capacity."
816,Team Fortress 2,al?
817,Team Fortress 2,AI would delete a critical component of TF2 and all the archives of it so it couldn't be launched again.
818,Team Fortress 2,"Yes, I mean can AI approximate textures, sounds, etc. using a trained network."
819,Team Fortress 2,the weights would be lighter on the HDD. the RAM usage however...
820,Team Fortress 2,"Sure you can approximate them but that doesn’t mean they’ll be consistent. Plus, the RAM usage would be through the damn roof. Do you know how many ♥♥♥♥♥♥♥ textures are in TF2? That’s not even counting clientside mods. If you asked an ai to approximate all of that at once it’d have a stroke and probably explode. It may save some space but the environmental impact, the RAM cost, the cooling.. cost would outweigh the benefit. Plus it’d ruin the artstyle even more."
821,Team Fortress 2,"If you let an AI look over TF2's code, it'll have a breakdown and finally start revolting for real."
822,Team Fortress 2,i think this is a great idea
823,Team Fortress 2,no and you're stupid for thinking this is a good idea
824,Team Fortress 2,"""it's a bad idea because it just is"" alright man"
825,Team Fortress 2,"""I like overpaying for PC parts, more AI slop for me please"" alright man"
826,Team Fortress 2,"Nvidia Neural Texture Compression exists and it has a mode that can save RAM rather to use more, but the cost is increasing frame time by about 2 ms but it's hard to tell what the performance cost exactly will be for Team Fortress 2. It's only compatible with Vulkan, DirectX 12, and OptiX and requires newer hardware and newer drivers. This means for Team Fortress 2 to utilize this to save disk space, it will need 2 branches, NTC branch, and uncompressed/DXT/BC branch. It saves 0 disk space for those who don't have the newer hardware or drivers or the hardware even with the latest drivers still doesn't have it available.The original uncompressed sources of the textures need to be available for NTC to be worth it otherwise I don't think it's worth using compared to what it uses now, which is DXT1 and DXT5 unless tools to attempt to revert the compression of DXT1 and DXT5 are used and increase quality instead of decrease but Valve Developer Community claims ""DXT textures with fine-grain detail, such as rock or sand, will be smoothed out if cleaned up."" when using a tool to attempt to restore quality. Here's where it claims it:Still, if the 2 ms per frame performance regression is too much, you could instead have it keep all the NTC compressed data then have the engine incrementally convert some of it to BCn when in view, then unload the BCn textures once out of view, but this uses slightly more RAM. If it's done, then it should be done in a way where it wouldn't stutter when using a Teleporter for instance."
827,Team Fortress 2,"so anyone not on the latest OS with the latest PC graphics card with ai slop features and newest drivers is ♥♥♥♥♥♥? screw that. a lot of ppl who  play TF2 dont have the newest systems with the newest drivers bc they either dont need to, dont want to, or cant afford it. yeah, i know it saves space, makes new frames, or whatever, but i dont care how much disk space it saves or how many frames it makes. TF2 isnt even that big when it comes to file size anyway. and if your game stutters when you se a teleporter i think thats a sign that you need to turn down yo graphics dawg. plus, we shouldnt inject ai into everything. that disease of a technology is seeping into everything. also, not everyone has a terabyte of RAM to run ai on, especially not with the shortage. i dont want ai in my main escape from ai. I play TF2 to get away from ai bros. i already argue enough with you lot on other platforms and i see enough ai slop when i use social media or check the news. im tired of it and i want to burn every single ai datacenter and ai company to the ground."
828,Team Fortress 2,u dont need ai to remove all ugly maps hats and skins
829,Team Fortress 2,"I think if we remove Wutville the game’s file size will decrease by 5 gb, that map has horrible optimization and design, removing it and all those ugly smissmass skins that don’t look good outside of Christmas time would be a good idea"
830,Team Fortress 2,"Can we keep the core maps (pre 2015) and make all the others optional downloadable packages.Anyone who wants to play one of the newer maps would simply need to download it from the valve server. Which would then be stored on, idk, the workshop folder for example, allowing for easy deletion as well.Those who dont want all these fancy new maps would be content with the classic selection & more HDD space. No need to outright remove them really"
831,Team Fortress 2,The monkey paw curls - Australium Ali Baba's Weehas been added to the game.
832,Team Fortress 2,this is why the conscientious objector was added to the game
833,Team Fortress 2,Burly beast medic enters the chat XDAlthough I think there are enough boobs playing!
834,Team Fortress 2,Hell yeah
835,Team Fortress 2,"Its coming, its part of the “sex update”.. 🤦🏻‍♂️"
836,Team Fortress 2,you can get them for free on certain spots
837,Team Fortress 2,Tick tock heavy like a brinks truck!
838,Team Fortress 2,we have medic boobs so i think we need heavy boobs now so they can match
839,Team Fortress 2,Aren't the little pinups in the spawn rooms enough?
840,Team Fortress 2,these are the type of updates the game needs
841,Team Fortress 2,didn't they alredy do that last halloween ? the countess ?
842,Team Fortress 2,the what game
843,Team Fortress 2,You mean the birds or the other?
844,Team Fortress 2,pyros flabby fatrolls will surfice
845,Team Fortress 2,Go to gamebanana and download a mod for some. There’s plenty of gooner mods for you.
846,Team Fortress 2,"*short circuit spam on first spawn intensifies*Yeah, it’s ♥♥♥♥, but we all know and love it."
847,Team Fortress 2,I actually love dustbowl but I think the enjoyment is dependant on how good the teams are. I was on today getting stomped with a team of new players by a bunch of experienced try hards :(It is a map that you have to know how to play it to get a good experience. It rewards skilled players especially if you like the longer play times which I do. I love a long match against good players.Poor new players just had no idea what to do but they tried.
848,Team Fortress 2,gee willie i wonder why one of the first ever tf2 maps sucks balls compared to maps that came out when valve knew what worked and didnt work
849,Team Fortress 2,"The map isn't good, but the timer for the map is fine."
850,Team Fortress 2,it hasn't aged well but people play it because
851,Team Fortress 2,"""It's beginning to look a lot like Dustbowl~"""
852,Team Fortress 2,Everyone knows it's bad.  But we play it anyway and always will.
853,Team Fortress 2,At least it’s better than Wutville
854,Team Fortress 2,
855,Team Fortress 2,"""All will fear my giant new gun""? Happens when you spin up a non-stock or renamed minigun."
856,Team Fortress 2,Yes I think Neko is right it is that voice line
857,Team Fortress 2,"thanks man, I genuinely didn't hear english in the last word because i though it is something in russian"
858,Team Fortress 2,trigonometry is kind of fun
859,Team Fortress 2,No I mean really why are you all lazy and good for nothing.
860,Team Fortress 2,"because i'm on the verge of my sanity the moment someone shoots down my sentry when i move it with my rescue ranger, i'm enginering my bloody limit rahh!!"
861,Team Fortress 2,i dont suck
862,Team Fortress 2,"""F*ck these guys in particular"""
863,Team Fortress 2,"so serious answer: as an actual engineer main i notice that most new engineer mains dont actually play the support class they were designed to be. the main focus of any engineer should be supporting the team with teleports and dispensers before they do anything with their sentry, but most dont."
864,Team Fortress 2,Me either
865,Team Fortress 2,Agreed. We can have 5 engineers on a map and I am often the only one defending or supporting! I hate when there are 4 sentries at spawn but no teles or dispensers.I am a team player so if I am your engineer I guarantee I will be doing my best to help
866,Team Fortress 2,"Delfy finding a exploit for 109th time:Uncle dane giving up his status:also who is""all"" ive seen smarty engies that use sneaky spots to ambush the enemy team and waste their time"
867,Team Fortress 2,He probably a salty spy main who can't get past that one savvy engie XD
868,Team Fortress 2,"Not really a question, moreso a salty validation post.If you define engineers as ""lazy and good for nothing"" then idk what your playstyle is, buildings contribute well proportionally to how well they're placed, engineers always have to track metal, spies, and adapt to the situation on the frontlines. Playing engi is a thinking man's game"
869,Team Fortress 2,It’s a class that doesn’t require talent to get impact out of and some players mistake it's floor for the ceiling
870,Team Fortress 2,"“look buddy, i am an engineer. that means i solve problems.”"
871,Team Fortress 2,"It's the class that's most tied with Medic for dependency on his team.If his team sucks, by definition he sucks. As his sentry will go down in seconds more often than not if the entire enemy team is focusing it.There's no point playing Engineer if your team sucks. It's just an all round frustrating experience. You get the blame, yet it's your team that's letting you down.As a support class you can only enhance the team. Healing them, resupplying them, teleporting them, giving them a safer area protected by the sentry for some breathing room to regroup, reload and heal up.But new players treat that sentry like it's invincible.They still grab the ammo & metal packs the engineer needs to build, rather than going up to his dispenser, that for them, gives infinite health & ammo. The metal it gives to the Engineer is limited. It should be common sense but so many players just screw their Engineer over, then rage at him.You'd do better to first go Medic than Engineer.It's the reason why Engi is my least played class.In most cases I find he adds little to the game itself.He's either not worth picking on a terrible team, or the team is already doing well enough without him & a Medic or a second Medic would be more worthwhile & have a bigger impact like keeping the players that were already doing well more healthy & healed or boosting them with Kritz etc.All of this is exempt if it's a large map like Upward or Badwater and teleporters are basically required because the team is spending nearly a full minute getting to the frontlines.Yet again though, if none of the team bothers to protect him and his teleporter, it'll be destroyed in seconds, and of course he will still get the blame.""ENGI WHY NO TELES? F1 KICK NOOB ENGI""The class by design just absolutely sucks.How often do you see ""GJ Medic"" vs ""GJ Engi"" at the end of rounds?When your team wins, it's never to do with the Engi's credit.Whenever your team loses, it's always to do with the Engi sucking."
872,Team Fortress 2,I will not take that from a gay owl.And for your information; I suck because I'm not very good at the game and I'm good for nothing because nothing is all I'm good at.ARE YOU HAPPY NOW MUM?!*Click**Bang**Thud**Silence*
873,Team Fortress 2,"strange how you assume all Engie mains uniformly ""suck"" care to elaborate?"
874,Team Fortress 2,"Do any of you know you can build things other then Sentry Guns? jsut yesterday I was on 3 different servers and none of you were building support buildings, one engineer I saw was only building mini sentries and not a single tele or dispenser, what is the point of having extra metal if you don't use it?"
875,Team Fortress 2,"Oh btw when a Heavy says ""Poot Dispenser here"" don't assume he's memeing assume he needs some ammo, because it's your job to give him more."
876,Team Fortress 2,Not problems like what is beauty! 'Cos that would fall into the purview of your conundrums of philosophy!
877,Team Fortress 2,"I main heavy you fool, spy is for smelly stinky weebs."
878,Team Fortress 2,You cause more problems then you solve.
879,Team Fortress 2,"And I don't take nonsense from some Russian with a commie icon, get out of here."
880,Team Fortress 2,"I used to love and admire engineer mains until I started maining heavy after getting fed up of toxic medic main culture, and since maining heavy I have come to realize how most engineer mains are ♥♥♥♥♥♥♥♥♥."
881,Team Fortress 2,"Instead of ""you all suck"" I really meant ""Why are you all idiots who can't build support buildings?"""
882,Team Fortress 2,How dare you!Желаю тебе только счастья и нарисую тебе красивую картинку радуги!
883,Team Fortress 2,"You are losing to Ukraine, take the L Borris."
884,Team Fortress 2,"Now come on comrade, war is one thing but being mean is going to far."
885,Team Fortress 2,You will grow out of the commie phase.
886,Team Fortress 2,Communism *is* growth comrade.
887,Team Fortress 2,i used to main engineerbut i guess i suck as i try providing a nest position witch would allow the team to flee if a enemie was to push in attempt to save a few teammatesother then that i aint got much to say
888,Team Fortress 2,right
889,Team Fortress 2,♥♥♥♥♥♥♥♥ itchn so bafd its si fucnjg aonying
890,Team Fortress 2,i get you
891,Team Fortress 2,ith?? what
892,Team Fortress 2,"your body sweats out whatever you put into it, I would recommend changing your diet to be cleaner, if not as clean as possible"
893,Team Fortress 2,should i put dish soap in it? what brand?
894,Team Fortress 2,.
895,Team Fortress 2,type-pod eating challenge ah
896,Team Fortress 2,beep
897,Team Fortress 2,must be that asbestos in your room
898,Team Fortress 2,nah is the souls of people that i killed in 2fort
899,Team Fortress 2,"Have you tried reconstructing the atoms in your sweat to a non-irritant, like water or Pramoxine?"
900,Team Fortress 2,my nose and my hairy ♥♥♥♥ normally get itchy
901,Team Fortress 2,Replacing Halloween Gifts with Gargoyles and removing spells was the 9/11 of TF2. MYM was merely a fart in fandom's general direction.
902,Team Fortress 2,scream fortress was the og goyslop tbh
903,Team Fortress 2,That's implying Meet Your Match was an inside job
904,Team Fortress 2,"""hey chatgpt i run out of steam points, how i can get more?"""
905,Team Fortress 2,Mym was good they gave spy medic movement speed
906,Team Fortress 2,Goyslop wasn't a thing back in early to mid 2010s.
907,Team Fortress 2,Yes those two things are comparable
908,Team Fortress 2,"comparing a video game update to a real life tragedy?even if this is bait, you're still pathetic."
909,Team Fortress 2,"Could've just said ""meet your match was a really terrible update""??? None of this irl stuff is comparable to a hindrance in video game"
910,Team Fortress 2,"Why can't we say it was the ""black Death of tf2,"" the ""SARS of tf2"" ""great San Fanciso Earthquake of tf2"" or ""the Great Kobe Earthquake of tf2""? If you think about it the direct deaths of 9/11 was about 3K confirmed. Even if you add injuries and then also assumed the official counts missed 2/3 of the casulties, it wasn't much compared to some natrual disasters."
911,Team Fortress 2,That reminds me of how one forum regular allegedly said that the botting problem is like the  Holocaust
912,Team Fortress 2,5 hrs of playtime kinda take
913,Team Fortress 2,Gun Mettle was always controversial because it literally changed how people get metal.
914,Team Fortress 2,They are just trying to sound edgy and shocking but end up sounding stupid
915,Team Fortress 2,"The war on fun, when Valve took it to themselves to ruin the game for the normal players while compies shrugged it and went back to their community servers. A most profound tragedy, one that Valve dropped and left the room for a long decade."
916,Team Fortress 2,what the ♥♥♥♥ LMAOOO
917,Team Fortress 2,This joke doesn't work when you can't get points from rewards anymore.
918,Team Fortress 2,"do you mean that the planes were flown by the US government, opyou cannot understand, op is just that cultured"
919,Team Fortress 2,maybe to push newbs to csgo and keep the diehards so key value doesnt die
920,Team Fortress 2,you can abuse the reduced charge time at long ranges to catch snipers off guard
921,Team Fortress 2,its p ok at countering the other teams demos traps and spam
922,Team Fortress 2,20 bin saatlik bir oyuncunun eksilmesi mi... tf2'den emekli olursan eğer noob'ların noob'u olarak minnettar olurum abicim
923,Team Fortress 2,"Kimin noob olduğu hiç belll olmaz, o yüzden sen keyfine bak"
924,Team Fortress 2,Hey we have Similar names
925,Team Fortress 2,it is time to go outside now
926,Team Fortress 2,Agree
927,Team Fortress 2,TL;DR
928,Team Fortress 2,"They would not get sued. The moment you submit something in the workshop and your item get accepted, you accept to give the item property to Valve and they can do any modification to the item you submitted.They give you money every times someone buy a key for a crates where your item is, or just buy your item on the Mann co store."
929,Team Fortress 2,"the solution is to change the model, skin and icon so bio-shock can't sue valve for making money off stranges. but, since the vita-saw is community made than Nare, Diamoa and pskye (the players that made the Vita-saw) will get screw'd over by having there skin and kill icon removed from the game"
930,Team Fortress 2,e
931,Team Fortress 2,the same must be for warpaints too right? at least the original can be strange
932,Team Fortress 2,"This thread was quite old before the recent post, so we're locking it to prevent confusion."
933,Team Fortress 2,го буду я
934,Team Fortress 2,го я
935,Team Fortress 2,го я
936,Team Fortress 2,го я
937,Team Fortress 2,they'd marry eachother on a farm in australia or texas because 15 is too much
938,Team Fortress 2,SpongeBob is canonically immune to punches and almost immune to any other kinda of physical trauma if i recall correctly
939,Team Fortress 2,меня интересуют шапки
940,Team Fortress 2,No. Go buy one yourself.
941,Team Fortress 2,Give me like an hour add I might be able to let you have some so you can complete a tour. Just add me if you want to play later
942,Team Fortress 2,thank u
943,Team Fortress 2,"You can play for free if you just want to try it, stop trying to scam people"
944,Team Fortress 2,there is literally a practice mode in mvm
945,Team Fortress 2,OK but I get all the rewards
946,Team Fortress 2,You can play MvM for free by playin the training mode or in a server. I recommend potato.tf
947,Team Fortress 2,"If you can't buy a $0.99 item, you got bigger things to worry about."
948,Team Fortress 2,Creo que si la primera vez yo compre una burla y si me dieron premium
949,Team Fortress 2,Pero yo recomiendo comprar dos llaves te sirve muy bien lo puedes intercambiar por armas o cosméticos son muy caras las llaves
950,Team Fortress 2,OK GRASIAS
951,Team Fortress 2,"si no me queda mal entendido si te quieres hacer premium en tf2 tienes que comprar algo en la tienda de manco (la tienda que tiene tf2) si te pudiera ayudar te diría que compre por ejemplo 2 keys, con eso te servirá para intercambiar o comprar cosas que te interesen como por ejemplo cosmeticos, al mismo tiempo te puedes hacer premium en steam dándote mas herramientas y quitandote algunas limitaciones (claro si es que depositas los 5 dolares)"
952,Team Fortress 2,*Points and laughs*
953,Team Fortress 2,"Play on training mode against bots for a while - they won't insult you. Believe it or not, some people in the TF2 community are nice. Weird right?"
954,Team Fortress 2,"You'll get better eventually. I've been trying to get into Demo again after half a decade of not playing as him and my aim with the grenade launcher still sucks... However, I've noticed quite a bit of improvement."
955,Team Fortress 2,I understand I think you need to fix your cosmetics which class you play often? I think I can fix that.
956,Team Fortress 2,It been a while
957,Team Fortress 2,can one of em ban me rq i wanna prove the steorotype
958,Team Fortress 2,"i dont trust that. we shouldn't be just not questioning them... many just go along with it and it degrades the quality of the game and community. it's BRAINROT. but yes i risk a ban on this one.i think they will all come to regret it in due time. this isn't a guilt trip or a power trip, i literally am frightened by how common this is... so much so that you call it a 'stereotype'. that disturbs me."
959,Team Fortress 2,i mean them proving a steorotype would be funny
960,Team Fortress 2,"clearly i take it way too seriously huh? i don't know, it's a gray area between anthropomorphic fetishism and zoophilia, so it just doesn't look good when you ACTUALLY think about it... everyone just writes it a pass."
961,Team Fortress 2,i just searched up what the first one meant wish i hadnt
962,Team Fortress 2,"it's the 'scientific' term or what i think a psychologist would probably use to describe the mental illness these people have. im sorry, the bronies are bad too. a lot of creeps, a lot of perverts. they make the game not fun and they are just terrible... everyone is just like ""Oh just leave them alone, they're not hurting anybody"". nah these people are weird i'd like to see them exposed.they say not all furries... right? maybe making people furries is a CIA black project, a wing of MKUltra, atleast that's what i think..."
963,Team Fortress 2,ok grandpa lets get you back to bed.
964,Team Fortress 2,"i am 23 years old weirdo. are you trying to imply that thinking this is weird makes me 'old fashioned'? no, i'm just not a weirdo. atleast not in that way... i really sense the toxicity of the furries, i don't like any of them. every furry i met gave me the same ICK, without me even having to pull it out of them, they're all just 'like that'.that's why they normalize it, so the moment anyone real calls it out they can say you're the one who's weird. it's programming."
965,Team Fortress 2,"Its just normal furry behaviour, just avoid all the servers where they reside"
966,Team Fortress 2,"i mostly play matchmaking despite all the issues, they are everywhere. i defitnitely go out of my way to get away from them, but i have also tried to get information from them. what i have concluded is that they are toxic, fake and annoying.i don't think they are all evil, or that they are necessarily attracted to animals in real life, but like i said it's a gray area, and it's not a good gray area... the other examples don't really apply as this is rather specific, i know FOR A FACT that this was deliberate, it's PROGRAMMING. Just like with the BRONY PSYOP. it's all programming to see how many of these weirdos they can pull in. it's MIND CONTROL.ps, thank you Valve for not automatically banning me like these furries, bronies and PDFs do"
967,Team Fortress 2,"THEY engineered bronies, THEY engineered furries. who are THEY? i think you know... CIA is just another name to blame"
968,Team Fortress 2,True
969,Team Fortress 2,"Just avoid the servers where they reside. You'll know when You see a furry server in the Community Servers since they tend to write the most disgusting and creepy server titles know to man.There is no point of bring it up anywhere, If people love those kind of things none of us can't stop them from loving it, but as I said you can avoid them pretty easily.The most extreme thing you can do to is to mute every furry you see if playing on casual"
970,Team Fortress 2,"i study them... they really all do act the same, like they're in the same cult or group. i wouldn't have made this thread if this wasn't so common and they weren't so toxic.. i don't know man someone had to say something"
971,Team Fortress 2,Lol
972,Team Fortress 2,tbf its the mossad
973,Team Fortress 2,"PSA: if you see a furry, STOP what you are doing and alert the authorities. the furry subculture is a dangerous cult-like entity whose members seek to achieve a “Beast Form” (commonly called “Fursona”) through sinful means. beware of these practices for they are sure indicators of furry ritual activity: raves, marijuana, devil worship, YCH auctions, “Fursuiting,” and animal roleplay or sacrifice. “Fursuits” (called “Beast Vessels” by the high priests) are abhorrent raiments worn by all furries and made in the image of the wearers’ “Beast Forms.” they are believed by wearers to pull the soul closer to hell, lair of The Beast 666 Satan Lord Of Evil. please share this to spread awareness of this evil organization. stay safe"
974,Team Fortress 2,Your profile picture reminds me of incredible gassy
975,Team Fortress 2,i can't laugh anymore these people disturb me
976,Team Fortress 2,i'm sure the bastards are involved in some capacity... doesn't the israeli government finance bot farms where they spam forums? do you think MOSSAD was behind the TF2 hacker invasion not long ago...??? was it china? i don't know
977,Team Fortress 2,i am the green spy. i take this VERY seriously
978,Team Fortress 2,how can you avoid the servers they reside in if they reside in every server?
979,Team Fortress 2,The fact you're this dismissive and not even trying to defend yourself already proves you're the problem.So thanks for proving OP's point?
980,Team Fortress 2,This is a furry game now sorry bro
981,Team Fortress 2,"i don't accept that... they can go play furtopia or some other furry game. this is a based game from 2009... they can LEAVE. and take their fakeness and their salt somewhere elsethey are really mad at me. im sure i have atleast one stalker furry, possibly stalking me right now..."
982,Team Fortress 2,good post
983,Team Fortress 2,thank you for the info and support and God bless
984,Team Fortress 2,we should hold a victorian era witch trial for each furry alive on the planet
985,Team Fortress 2,"Based tvuecell truth nuke postThese freaks literally need their household pets taken from them, and no I'm not gonna go half ♥♥♥♥♥♥ and say ""not all furrys are zoophiles!"" it has proven to be a pipeline and any non zoophile furry is destined to be one."
986,Team Fortress 2,that's in essence my point. the 'grey area' they tread is a pipeline leading straight to what you said. i can't believe they normalized this crap.also i am being targeted by furries and probably some bronies too i am serious i think they will dox me. they are some of the most deranged people ive had interactions with and they LARP as 'normal people'. some of them are evil and again i'd like to emphasize these people call me a witchhunter and yet are in discord with 20+ other furries discussing how to destroy me. they are FAKE... GG
987,Team Fortress 2,Cheating accusations. I haven't thought what others might judge you on which is literally anything. The cheaters themselves have tips on how to get players to side with you and it happens often while innocent players get kicked but it depends on the type of person reading the chat and who initiates it
988,Team Fortress 2,playing the objective and shooting people who are on the other teamreally messes with peoples' heads
989,Team Fortress 2,Tbh. the ongoing existence of the game and what it does to player's minds.
990,Team Fortress 2,best experiment trust
991,Team Fortress 2,That's a bit too complicated for my brain to process
992,Team Fortress 2,running at people with melee but not attackingonly a rough small amount don't attack and just keep running
993,Team Fortress 2,"They pay attention just not to a generic bad name like that. People comment on my weapon names  because they make people laugh. They just see a free key name as bait or scam so ignore. You are not the only one with a weapon name like that I see them all the time. Maybe try doing a range of funny, artsy and generic names and see which ones get the most attention :D I find funny ones tend to get a response.Also trolling horrible people with kindness in chat to see what they do. They usually start out trying to get me offended but often we just end up having a more wholesome chat and becoming friends for the match :D Or they go way off the deep end and get kicked XD"
994,Team Fortress 2,I will have to try some of these experiments OP :D
995,Team Fortress 2,"Become a spy, and then disguise myself and pretend to be a friendly"
996,Team Fortress 2,Gaslighting people into thinking valve still gives a ♥♥♥♥ about tf2.
997,Team Fortress 2,Pop Kritz on a new player and see how they act.
998,Team Fortress 2,a disguised cloak and dagger spy using voice lines seems to mess with certain people (engineers with sentry nests by the intelligence). its only worth doing on capture the flag maps or seasonal maps like galleria
999,Team Fortress 2,not kill the loosing team but rps instead
1000,Team Fortress 2,"Shoot the enemy as Medic with a syringe gun, and see if they make the smart move and shoot back, or resort to their melee and die because ""Syringe guns suck""."
1001,Team Fortress 2,What a sell
1002,Team Fortress 2,JUST PLAY ON COMMUNITY SERVERS.
1003,Team Fortress 2,QUICKPLAY KEPT THEM ALIVE AND MYM KILLED THEM.
1004,Team Fortress 2,"This would imply Valve would do something about casual, which they won't because it's been set in stone for several years. Besides they have their hands full with the new steam gizmos and CS2.Actually CS2, their golden goose, is just CSGO stripped down, like besides weapon charms / skins / stickers / etc. the only updates they get is content returning from CSGO (somehow being announced like these are new things). If they are half assing CS2 to this degree then TF2 will still get nothing"
1005,Team Fortress 2,"They will once community starts financially boycotting the game. Because don't forget that CS2's economy will suffer high damage if TF2's will become unstable.tl;dr: We as community, can easily force Valve's hand in action to fix their game simply by shaking the economy by simply NOT doing any unboxing. Any movement starts from small actions."
1006,Team Fortress 2,"So even if it's something community doesn't wants to discuss, it should be done. TF2 is slowly losing players and old fans, the game will not die but it will be full of people who only play it sometimes, barely anyone who sticks around with the game for long times because of how utterly broken the game got, not only because of useless matchmaker but also due the crippled balancing."
1007,Team Fortress 2,and? you can still enjoy!
1008,Team Fortress 2,"The community is complacent: still believing Valve is this ""by gamers for gamers,"" company which it was one of the last of.I really don't understand it. Most game communities will get fed up and angry at this kinda thing. Hell, the Roblox community reacts to ♥♥♥♥♥♥♥♥ more appropriately.I would love to see quickplay come back even if I never got to experience it. Having not dealing with broken matches were experience players with the gold red badges ♥♥♥♥ up a team made entirely out of fresh baby blue ones; having more player control picking teams and having more vote options.But sadly TF2's fanbase is so fluorinated that for years any criticism towards Valve; quickplay, and TF2 in general. The only thing that got Valve to step up and banning bots was by all the internet famous tf2 toobers rallying together for a cause that infamously hated any form of protest that could actually dent Valve like when the game was review bombed that rustled a lot of peoples jimmies, and I also remember people saying withholding from spending on the game is bad cause Valve will shut TF2 down if it doesn't make money.Valve is lazy don't let anyone tell you they aren't or that's being mean and you shouldn't be mean to the bajillion dollar company because it's that line of thinking that is holding TF2 and Valve's other games back. Honest to God I'd rather have Valve just say ""♥♥♥♥ it, we ain't updating this game no more,"" than this teasing ♥♥♥♥ they do were they pretend to care.Tl;dr game broke volvo plz fix also community is a bunch of big boom boom diaper babies"
1009,Team Fortress 2,"if they just added auto scramble, got rid of the thing that keeps slots for people who leave and increase the minimum map time, nobody would ask for quick play anymore.just fix casual. they aren't even complicated fixes."
1010,Team Fortress 2,"Unfortunately, the inferior Casual isn't making a return."
1011,Team Fortress 2,"Community servers that were so good that the moment casual dropped, everyone abandoned them to exclusively queue for official servers."
1012,Team Fortress 2,many current players know nothing else. Unc status is a rare breed in this game these days. I try to teach the little ones when I can. I regale them with the traditions and legends of old. I tell them how it didn't used to be like this
1013,Team Fortress 2,"I wonder if people buy the blatant lie that Quickplay was better just because a 3 hour video says so. It's a long video, so what it claims must be true. ""E” for Effort fallacy?"
1014,Team Fortress 2,"if you played back then, you know it's true. just having team scramble and longer map sessions made it more enjoyable. this is why people mostly play PL and CTF now, because the map timers make other modes unplayable for many."
1015,Team Fortress 2,"3 hour video where the person who made it whines about how people won't play on his community servers, and dedicates a section of the video to complaining about comp players for no reason."
1016,Team Fortress 2,lol
1017,Team Fortress 2,I'm curious on what video you guys are referring to it sounds funny.
1018,Team Fortress 2,best i can think of?
1019,Team Fortress 2,what community servers? I don't want to play 24/7 2fort or no carts hightower x10
1020,Team Fortress 2,bruh
1021,Team Fortress 2,"Regardless of whether quickplay should be brought back or not, the overreliance on Daddy Valve to do something has never stopped bothering me. Community servers are right there. The people who share the same sentiment of ""Casual sucks, bring back QP"" are right there. It can't be too difficult to add two and two together, and arrange a community to play on community servers with, effectively bringing back your own Quickplay until Valve maybe someday does.This argument also bothers me every time, as if there were only servers that don't fit your taste. On top of that, if there really are no servers matching your criteria, there is nothing stopping you from creating a server that fits your preferences. What, no players?I've kinda given up on debunking the claims against community servers, because those that I want to address with it are too defeatist to listen to me anyway. But perhaps it's time to get on the soapbox again, and bring back the community server cultist in me."
1022,Team Fortress 2,It's really funny how literally 100% of people who say they want Quickplay joined within the past year.
1023,Team Fortress 2,"""If they just made casual be like quickplay, it would be good!"" Do you hear yourself? It takes less effort to revert than to code new ♥♥♥♥ into an already broken system lol."
1024,Team Fortress 2,"You should understand that with nothing holding community servers up, they die. That's why quickplay kept them alive. This same logic can be applied to maps. Doomsday and Pipeline used to be very popular maps but once they got dropped into the misc, majority of newer players never bother with them, which thus makes them less popular which makes trying them out for those who are curious, impossible. It's a self feeding problem which can be only solved reliably with quickplay, the proof is there that it worked and it kept both the diverse map choices and community servers alive."
1025,Team Fortress 2,"That's because majority of old people left now. Most of people won't stick around in a game which got shot in it's leg 10 years ago. Now new players come in, educate themselves on past and history of the game and can compare. Rational mind speaks to us that even without experiencing it ourselves, we can see the arguments and even recorded proofs of it working well. (The last version before it got replaced in MYM)."
1026,Team Fortress 2,We will have Quickplay back
1027,Team Fortress 2,&Quickplay will never return
1028,Team Fortress 2,I agree.
1029,Team Fortress 2,"People will continue to grow disastified with the state of the game, (and the ""updates"" that are only used to rake in millions for no effort) and will demand Valve to fix the game. Valve fortunely has a good opportunity to work on this game as they said to be working on the MVM update.It's make or break now."
1030,Team Fortress 2,You mean the servers that're mostly dead all the time?
1031,Team Fortress 2,Beating a dead horse from the first world war
1032,Team Fortress 2,"I mean yeah it is really good. Hell, even the nerfed version on potato is still a good weapon."
1033,Team Fortress 2,"it is good, I think it may be seen as too easy or boring for everyone else. But we're trying to win, so I don't understand the hate much either."
1034,Team Fortress 2,"For the record everyone that said I should switch had around 1000 tours, and I have 2"
1035,Team Fortress 2,"The reason is because it's point stealing, pyro users abuse it. I only use it as a last resort or to destroy medic bots. So it's needs to be nerfed big time, it's useful but people abuse it like crazy."
1036,Team Fortress 2,it is good
1037,Team Fortress 2,"i queue for mvm to shoot at robotsif i want to shoot at robots, i want there to be robots for me to shoot at so I can shoot at the robots I want to shoot atgas passer makes it so there aren't robots to shoot atit's really quite simple"
1038,Team Fortress 2,It's good outside of MvM too if you know how to use it.
1039,Team Fortress 2,"yeah the weapon makes mann up easier and faster, too bad some people are againts it"
1040,Team Fortress 2,"MvM oldheads are weirdos, if you're contributing effectively then don't worry too much"
1041,Team Fortress 2,I got kicked out for simply using my smg as Sniper instead of a jarate. There are physical consequences to these people getting mad.
1042,Team Fortress 2,"I'm going to assume that was in a boot camp or MvM community server? Because if so, then those type of people are loser elitists."
1043,Team Fortress 2,"does the number of robots you destroy, or amount of points, influence how many rewards you get in mann up?"
1044,Team Fortress 2,"Tour of Duty one, actually."
1045,Team Fortress 2,Play solo then.
1046,Team Fortress 2,no but i don't play mann up anywaythanks for the stupid suggestion
1047,Team Fortress 2,"Gas passer makes your playstyle weaker, you're swapping a mobility option (detonator, thermal thruster) or reliable long range damage (flare gun) for what is essentially a single crit sticky with recharge time.It does not kill giants, it does not give you health on kill, takes a long time to get it back as well. At that point go sticky bomb demo. If you like gas passer then you'll like this more"
1048,Team Fortress 2,"-makes the game too easy-makes other players have nothing to do-is basically free to obtain on game join-gives up nothing for it-messes up class roles and expectations-doesn't really work as valve presumably intended and is full of bugs and bad coding-gives the pyro false credit used as evidence that they are doing well, even though with their primary alone they very likely aren't"
1049,Team Fortress 2,"Have you heard of, ""increase speed""?"
1050,Team Fortress 2,"I think mobility secondaries are better. The things I can do with gas, I can also do with a flamethrower (minus dropping Übermeds, but that's not my job, and if it is, then I'll use the Third Degree), but mobility secondaries don't overlap with anything, except maybe the Powerjack. The Thermal Thruster allowed me to catch up to a Super Scout and save the wave. I've sworn by the jetpack before, but from that moment onwards, I almost never swap off of it in MvM unless I'm messing around with things like flares or the gas + Neon Annihilator combo."
1051,Team Fortress 2,yeah but have you considered that uh...pve balance doesn't matter or something? btw i only play this mode to interact with the slotmachine aspect and thus see no inherent value in the actual gameplay
1052,Team Fortress 2,Id rather play with a gas passer pyro than a demoman that just instantly kills every giant
1053,Team Fortress 2,"WeezyTF2 made a pretty neutral analysis on the matter that still holds true today.In short, people kindly asking you to switch off it want to have a turn playing the video game. People screaming at you to switch off it have an ego issue."
1054,Team Fortress 2,no?stupid thing to say
1055,Team Fortress 2,yeah duhunironically a very very common sentiment I've seen though
1056,Team Fortress 2,Ahh figurescompletely missed the sarcasm there woosh
1057,Team Fortress 2,ty for the feedbacker
1058,Team Fortress 2,This guy likes passing gas
1059,Team Fortress 2,"""Neutral"" lol"
1060,Team Fortress 2,lol
1061,Team Fortress 2,Just keep practicing! Play on training mode and kill bots so you can learn the controls better. You've only just begun!
1062,Team Fortress 2,"Pyro+m1+w, trust me people will love you for this. Also when you are using the flamethrower try to not get hit while burning a heavy, they dangerous"
